testType,test,bug,1,2,3,4,5,6,7,8,9,10,11,12,13,14,15,16,17,18,19,20,21
-,-,-,LVR,LVR,LVR,LVR,ROR,ROR,ROR,ROR,ROR,ROR,ROR,LVR,LVR,LVR,LVR,STD,LVR,LVR,LVR,LVR,STD
dev,dev__0__org.apache.commons.lang3.text.translate.EntityArraysTest::testConstructorExists,0,1,1,0,1,0,1,0,0,0,0,1,0,1,0,1,0,0,1,0,1,0
dev,dev__0__org.apache.commons.lang3.text.translate.EntityArraysTest::testHTML40_EXTENDED_ESCAPE,0,1,1,0,1,0,1,0,0,0,0,1,0,1,0,1,0,0,1,0,1,0
dev,dev__0__org.apache.commons.lang3.text.translate.EntityArraysTest::testISO8859_1_ESCAPE,1,1,1,0,1,0,1,0,0,0,0,1,0,1,0,1,0,0,1,0,1,0
dev,dev__0__org.apache.commons.lang3.reflect.TypeUtilsTest::testIsAssignable,0,1,1,1,1,0,1,1,1,1,1,1,1,1,0,1,1,0,1,0,1,0
dev,dev__0__org.apache.commons.lang3.reflect.TypeUtilsTest::testIsInstance,0,0,0,0,0,0,0,0,0,0,0,0,0,0,0,0,0,0,0,0,0,0
dev,dev__0__org.apache.commons.lang3.reflect.TypeUtilsTest::testGetTypeArguments,0,0,0,0,0,0,0,0,0,0,0,0,0,0,0,0,0,0,0,0,0,0
dev,dev__0__org.apache.commons.lang3.reflect.TypeUtilsTest::testTypesSatisfyVariables,0,0,0,0,0,0,0,0,0,0,0,0,0,0,0,0,0,0,0,0,0,0
dev,dev__0__org.apache.commons.lang3.reflect.TypeUtilsTest::testDetermineTypeVariableAssignments,0,0,0,0,0,0,0,0,0,0,0,0,0,0,0,0,0,0,0,0,0,0
dev,dev__0__org.apache.commons.lang3.reflect.TypeUtilsTest::testGetRawType,0,0,0,0,0,0,0,0,0,0,0,0,0,0,0,0,0,0,0,0,0,0
dev,dev__0__org.apache.commons.lang3.reflect.TypeUtilsTest::testIsArrayTypeClasses,0,0,0,0,0,0,0,0,0,0,0,0,0,0,0,0,0,0,0,0,0,0
dev,dev__0__org.apache.commons.lang3.reflect.TypeUtilsTest::testIsArrayGenericTypes,0,0,0,0,0,0,0,0,0,0,0,0,0,0,0,0,0,0,0,0,0,0
dev,dev__0__org.apache.commons.lang3.reflect.TypeUtilsTest::testGetPrimitiveArrayComponentType,0,0,0,0,0,0,0,0,0,0,0,0,0,0,0,0,0,0,0,0,0,0
dev,dev__0__org.apache.commons.lang3.reflect.TypeUtilsTest::testGetArrayComponentType,0,0,0,0,0,0,0,0,0,0,0,0,0,0,0,0,0,0,0,0,0,0
dev,dev__0__org.apache.commons.lang3.StringEscapeUtilsTest::testConstructor,0,1,1,1,1,0,1,1,1,1,1,1,1,1,0,1,1,0,1,0,1,0
dev,dev__0__org.apache.commons.lang3.StringEscapeUtilsTest::testEscapeJava,0,1,1,1,1,0,1,1,1,1,1,1,1,1,0,1,1,0,1,0,1,0
dev,dev__0__org.apache.commons.lang3.StringEscapeUtilsTest::testEscapeJavaWithSlash,0,1,1,1,1,0,1,1,1,1,1,1,1,1,0,1,1,0,1,0,1,0
dev,dev__0__org.apache.commons.lang3.StringEscapeUtilsTest::testUnescapeJava,0,1,1,1,1,0,1,1,1,1,1,1,1,1,1,1,1,1,1,1,1,1
dev,dev__0__org.apache.commons.lang3.StringEscapeUtilsTest::testEscapeEcmaScript,0,1,1,1,1,0,1,1,1,1,1,1,1,1,0,1,1,0,1,0,1,0
dev,dev__0__org.apache.commons.lang3.StringEscapeUtilsTest::testEscapeHtml,0,1,1,1,1,0,1,1,1,1,1,1,1,1,0,1,1,0,1,0,1,0
dev,dev__0__org.apache.commons.lang3.StringEscapeUtilsTest::testUnescapeHtml4,0,1,1,1,1,0,1,1,1,1,1,1,1,1,1,1,1,1,1,1,1,1
dev,dev__0__org.apache.commons.lang3.StringEscapeUtilsTest::testUnescapeHexCharsHtml,0,1,1,1,1,0,1,1,1,1,1,1,1,1,1,1,1,0,1,0,1,0
dev,dev__0__org.apache.commons.lang3.StringEscapeUtilsTest::testUnescapeUnknownEntity,0,1,1,1,1,0,1,1,1,1,1,1,1,1,0,1,1,0,1,0,1,0
dev,dev__0__org.apache.commons.lang3.StringEscapeUtilsTest::testEscapeHtmlVersions,0,1,1,1,1,0,1,1,1,1,1,1,1,1,1,1,1,1,1,1,1,1
dev,dev__0__org.apache.commons.lang3.StringEscapeUtilsTest::testEscapeXml,0,1,1,1,1,0,1,1,1,1,1,1,1,1,1,1,1,1,1,1,1,1
dev,dev__0__org.apache.commons.lang3.StringEscapeUtilsTest::testStandaloneAmphersand,0,1,1,1,1,0,1,1,1,1,1,1,1,1,1,1,1,1,1,1,1,1
dev,dev__0__org.apache.commons.lang3.StringEscapeUtilsTest::testLang313,0,1,1,1,1,0,1,1,1,1,1,1,1,1,1,1,1,1,1,1,1,1
dev,dev__0__org.apache.commons.lang3.StringEscapeUtilsTest::testEscapeCsvString,0,1,1,1,1,0,1,1,1,1,1,1,1,1,0,1,1,0,1,0,1,0
dev,dev__0__org.apache.commons.lang3.StringEscapeUtilsTest::testEscapeCsvWriter,0,1,1,1,1,0,1,1,1,1,1,1,1,1,0,1,1,0,1,0,1,0
dev,dev__0__org.apache.commons.lang3.StringEscapeUtilsTest::testUnescapeCsvString,0,1,1,1,1,0,1,1,1,1,1,1,1,1,0,1,1,0,1,0,1,0
dev,dev__0__org.apache.commons.lang3.StringEscapeUtilsTest::testUnescapeCsvWriter,0,1,1,1,1,0,1,1,1,1,1,1,1,1,0,1,1,0,1,0,1,0
dev,dev__0__org.apache.commons.lang3.StringEscapeUtilsTest::testEscapeHtmlHighUnicode,0,1,1,1,1,0,1,1,1,1,1,1,1,1,0,1,1,0,1,0,1,0
dev,dev__0__org.apache.commons.lang3.StringEscapeUtilsTest::testEscapeHiragana,0,1,1,1,1,0,1,1,1,1,1,1,1,1,0,1,1,0,1,0,1,0
randoop,randoop__1__RegressionTest1,0,1,1,0,1,0,1,0,0,0,0,1,0,1,0,1,0,0,1,0,1,0
randoop,randoop__1__RegressionTest100,0,1,1,0,1,0,1,0,0,0,0,1,0,1,0,1,0,0,1,0,1,0
randoop,randoop__1__RegressionTest101,0,1,1,0,1,0,1,0,0,0,0,1,0,1,0,1,0,0,1,0,1,0
randoop,randoop__1__RegressionTest102,0,1,1,0,1,0,1,0,0,0,0,1,0,1,0,1,0,0,1,0,1,0
randoop,randoop__1__RegressionTest112,0,1,1,0,1,0,1,0,0,0,0,1,0,1,0,1,0,0,1,0,1,0
randoop,randoop__1__RegressionTest119,0,1,1,0,1,0,1,0,0,0,0,1,0,1,0,1,0,0,1,0,1,0
randoop,randoop__1__RegressionTest122,0,1,1,0,1,0,1,0,0,0,0,1,0,1,0,1,0,0,1,0,1,0
randoop,randoop__1__RegressionTest124,0,1,1,0,1,0,1,0,0,0,0,1,0,1,0,1,0,0,1,0,1,0
randoop,randoop__1__RegressionTest128,0,1,1,0,1,0,1,0,0,0,0,1,0,1,0,1,0,0,1,0,1,0
randoop,randoop__1__RegressionTest13,0,1,1,0,1,0,1,0,0,0,0,1,0,1,0,1,0,0,1,0,1,0
randoop,randoop__1__RegressionTest132,0,1,1,0,1,0,1,0,0,0,0,1,0,1,0,1,0,0,1,0,1,0
randoop,randoop__1__RegressionTest134,0,1,1,0,1,0,1,0,0,0,0,1,0,1,0,1,0,0,1,0,1,0
randoop,randoop__1__RegressionTest136,0,1,1,0,1,0,1,0,0,0,0,1,0,1,0,1,0,0,1,0,1,0
randoop,randoop__1__RegressionTest140,0,1,1,0,1,0,1,0,0,0,0,1,0,1,0,1,0,0,1,0,1,0
randoop,randoop__1__RegressionTest143,0,1,1,0,1,0,1,1,0,1,0,1,0,1,0,1,0,0,1,0,1,0
randoop,randoop__1__RegressionTest145,0,1,1,0,1,0,1,0,0,0,0,1,0,1,0,1,0,0,1,0,1,0
randoop,randoop__1__RegressionTest147,0,1,1,0,1,0,1,0,0,0,0,1,0,1,0,1,0,0,1,0,1,0
randoop,randoop__1__RegressionTest148,0,1,1,0,1,0,1,0,0,0,0,1,0,1,0,1,0,0,1,0,1,0
randoop,randoop__1__RegressionTest152,0,1,1,0,1,0,1,0,0,0,0,1,0,1,0,1,0,0,1,0,1,0
randoop,randoop__1__RegressionTest157,0,1,1,0,1,0,1,0,0,0,0,1,0,1,0,1,0,0,1,0,1,0
randoop,randoop__1__RegressionTest159,0,1,1,0,1,0,1,0,0,0,0,1,0,1,0,1,0,0,1,0,1,0
randoop,randoop__1__RegressionTest16,0,1,1,0,1,0,1,0,0,0,0,1,0,1,0,1,0,0,1,0,1,0
randoop,randoop__1__RegressionTest160,0,1,1,0,1,0,1,0,0,0,0,1,0,1,0,1,0,0,1,0,1,0
randoop,randoop__1__RegressionTest165,0,1,1,0,1,0,1,0,0,0,0,1,0,1,0,1,0,0,1,0,1,0
randoop,randoop__1__RegressionTest17,0,1,1,0,1,0,1,0,0,0,0,1,0,1,0,1,0,0,1,0,1,0
randoop,randoop__1__RegressionTest173,0,1,1,0,1,0,1,0,0,0,0,1,0,1,0,1,0,0,1,0,1,0
randoop,randoop__1__RegressionTest174,0,1,1,0,1,0,1,0,0,0,0,1,0,1,0,1,0,0,1,0,1,0
randoop,randoop__1__RegressionTest178,0,1,1,0,1,0,1,0,0,0,0,1,0,1,0,1,0,0,1,0,1,0
randoop,randoop__1__RegressionTest18,0,1,1,0,1,0,1,0,0,0,0,1,0,1,0,1,0,0,1,0,1,0
randoop,randoop__1__RegressionTest185,0,1,1,0,1,0,1,0,0,0,0,1,0,1,0,1,0,0,1,0,1,0
randoop,randoop__1__RegressionTest186,0,1,1,0,1,0,1,0,0,0,0,1,0,1,0,1,0,0,1,0,1,0
randoop,randoop__1__RegressionTest192,0,1,1,0,1,0,1,0,0,0,0,1,0,1,0,1,0,0,1,0,1,0
randoop,randoop__1__RegressionTest193,0,1,1,0,1,0,1,0,0,0,0,1,0,1,0,1,0,0,1,0,1,0
randoop,randoop__1__RegressionTest196,0,1,1,0,1,0,1,0,0,0,0,1,0,1,0,1,0,0,1,0,1,0
randoop,randoop__1__RegressionTest197,0,1,1,0,1,0,1,0,0,0,0,1,0,1,0,1,0,0,1,0,1,0
randoop,randoop__1__RegressionTest198,0,1,1,0,1,0,1,0,0,0,0,1,0,1,0,1,0,0,1,0,1,0
randoop,randoop__1__RegressionTest20,0,1,1,0,1,0,1,1,0,1,0,1,0,1,0,1,0,0,1,0,1,0
randoop,randoop__1__RegressionTest200,0,1,1,0,1,0,1,0,0,0,0,1,0,1,0,1,0,0,1,0,1,0
randoop,randoop__1__RegressionTest201,0,1,1,0,1,0,1,1,0,1,0,1,0,1,0,1,0,0,1,0,1,0
randoop,randoop__1__RegressionTest202,0,1,1,0,1,0,1,0,0,0,0,1,0,1,0,1,0,0,1,0,1,0
randoop,randoop__1__RegressionTest205,0,1,1,0,1,0,1,0,0,0,0,1,0,1,0,1,0,0,1,0,1,0
randoop,randoop__1__RegressionTest206,0,1,1,0,1,0,1,1,0,1,0,1,0,1,0,1,0,0,1,0,1,0
randoop,randoop__1__RegressionTest207,0,1,1,0,1,0,1,0,0,0,0,1,0,1,0,1,0,0,1,0,1,0
randoop,randoop__1__RegressionTest208,0,1,1,0,1,0,1,1,0,1,0,1,0,1,0,1,0,0,1,0,1,0
randoop,randoop__1__RegressionTest209,0,1,1,0,1,0,1,0,0,0,0,1,0,1,0,1,0,0,1,0,1,0
randoop,randoop__1__RegressionTest211,0,1,1,0,1,0,1,0,0,0,0,1,0,1,0,1,0,0,1,0,1,0
randoop,randoop__1__RegressionTest212,0,1,1,0,1,0,1,0,0,0,0,1,0,1,0,1,0,0,1,0,1,0
randoop,randoop__1__RegressionTest214,0,1,1,0,1,0,1,0,0,0,0,1,0,1,0,1,0,0,1,0,1,0
randoop,randoop__1__RegressionTest215,0,1,1,0,1,0,1,0,0,0,0,1,0,1,0,1,0,0,1,0,1,0
randoop,randoop__1__RegressionTest216,0,1,1,0,1,0,1,0,0,0,0,1,0,1,0,1,0,0,1,0,1,0
randoop,randoop__1__RegressionTest22,0,1,1,0,1,0,1,1,0,1,0,1,0,1,0,1,0,0,1,0,1,0
randoop,randoop__1__RegressionTest222,0,1,1,0,1,0,1,0,0,0,0,1,0,1,0,1,0,0,1,0,1,0
randoop,randoop__1__RegressionTest224,0,1,1,0,1,0,1,0,0,0,0,1,0,1,0,1,0,0,1,0,1,0
randoop,randoop__1__RegressionTest227,0,1,1,0,1,0,1,0,0,0,0,1,0,1,0,1,0,0,1,0,1,0
randoop,randoop__1__RegressionTest228,0,1,1,0,1,0,1,0,0,0,0,1,0,1,0,1,0,0,1,0,1,0
randoop,randoop__1__RegressionTest23,0,1,1,0,1,0,1,0,0,0,0,1,0,1,0,1,0,0,1,0,1,0
randoop,randoop__1__RegressionTest231,0,1,1,0,1,0,1,0,0,0,0,1,0,1,0,1,0,0,1,0,1,0
randoop,randoop__1__RegressionTest232,0,1,1,0,1,0,1,0,0,0,0,1,0,1,0,1,0,0,1,0,1,0
randoop,randoop__1__RegressionTest235,0,1,1,0,1,0,1,0,0,0,0,1,0,1,0,1,0,0,1,0,1,0
randoop,randoop__1__RegressionTest239,0,1,1,0,1,0,1,0,0,0,0,1,0,1,0,1,0,0,1,0,1,0
randoop,randoop__1__RegressionTest241,0,1,1,0,1,0,1,0,0,0,0,1,0,1,0,1,0,0,1,0,1,0
randoop,randoop__1__RegressionTest242,0,1,1,0,1,0,1,0,0,0,0,1,0,1,0,1,0,0,1,0,1,0
randoop,randoop__1__RegressionTest247,0,1,1,0,1,0,1,1,0,1,0,1,0,1,0,1,0,0,1,0,1,0
randoop,randoop__1__RegressionTest25,0,1,1,0,1,0,1,0,0,0,0,1,0,1,0,1,0,0,1,0,1,0
randoop,randoop__1__RegressionTest251,0,1,1,0,1,0,1,0,0,0,0,1,0,1,0,1,0,0,1,0,1,0
randoop,randoop__1__RegressionTest255,0,1,1,0,1,0,1,0,0,0,0,1,0,1,0,1,0,0,1,0,1,0
randoop,randoop__1__RegressionTest258,0,1,1,0,1,0,1,0,0,0,0,1,0,1,0,1,0,0,1,0,1,0
randoop,randoop__1__RegressionTest26,0,1,1,0,1,0,1,0,0,0,0,1,0,1,0,1,0,0,1,0,1,0
randoop,randoop__1__RegressionTest260,0,1,1,0,1,0,1,0,0,0,0,1,0,1,0,1,0,0,1,0,1,0
randoop,randoop__1__RegressionTest263,0,1,1,0,1,0,1,1,0,1,0,1,0,1,0,1,0,0,1,0,1,0
randoop,randoop__1__RegressionTest264,0,1,1,0,1,0,1,0,0,0,0,1,0,1,0,1,0,0,1,0,1,0
randoop,randoop__1__RegressionTest266,0,1,1,0,1,0,1,1,0,1,0,1,0,1,0,1,0,0,1,0,1,0
randoop,randoop__1__RegressionTest27,0,1,1,0,1,0,1,0,0,0,0,1,0,1,0,1,0,0,1,0,1,0
randoop,randoop__1__RegressionTest270,0,1,1,0,1,0,1,1,0,1,0,1,0,1,0,1,0,0,1,0,1,0
randoop,randoop__1__RegressionTest272,0,1,1,0,1,0,1,0,0,0,0,1,0,1,0,1,0,0,1,0,1,0
randoop,randoop__1__RegressionTest275,0,1,1,0,1,0,1,0,0,0,0,1,0,1,0,1,0,0,1,0,1,0
randoop,randoop__1__RegressionTest277,0,1,1,0,1,0,1,0,0,0,0,1,0,1,0,1,0,0,1,0,1,0
randoop,randoop__1__RegressionTest278,0,1,1,0,1,0,1,1,0,1,0,1,0,1,0,1,0,0,1,0,1,0
randoop,randoop__1__RegressionTest28,0,1,1,0,1,0,1,0,0,0,0,1,0,1,0,1,0,0,1,0,1,0
randoop,randoop__1__RegressionTest280,0,1,1,0,1,0,1,1,0,1,0,1,0,1,0,1,0,0,1,0,1,0
randoop,randoop__1__RegressionTest285,0,1,1,0,1,0,1,0,0,0,0,1,0,1,0,1,0,0,1,0,1,0
randoop,randoop__1__RegressionTest287,0,1,1,0,1,0,1,0,0,0,0,1,0,1,0,1,0,0,1,0,1,0
randoop,randoop__1__RegressionTest289,0,1,1,0,1,0,1,0,0,0,0,1,0,1,0,1,0,0,1,0,1,0
randoop,randoop__1__RegressionTest290,0,1,1,0,1,0,1,0,0,0,0,1,0,1,0,1,0,0,1,0,1,0
randoop,randoop__1__RegressionTest292,0,1,1,0,1,0,1,0,0,0,0,1,0,1,0,1,0,0,1,0,1,0
randoop,randoop__1__RegressionTest294,0,1,1,0,1,0,1,0,0,0,0,1,0,1,0,1,0,0,1,0,1,0
randoop,randoop__1__RegressionTest295,0,1,1,0,1,0,1,0,0,0,0,1,0,1,0,1,0,0,1,0,1,0
randoop,randoop__1__RegressionTest298,0,1,1,0,1,0,1,0,0,0,0,1,0,1,0,1,0,0,1,0,1,0
randoop,randoop__1__RegressionTest299,0,1,1,0,1,0,1,0,0,0,0,1,0,1,0,1,0,0,1,0,1,0
randoop,randoop__1__RegressionTest301,0,1,1,0,1,0,1,0,0,0,0,1,0,1,0,1,0,0,1,0,1,0
randoop,randoop__1__RegressionTest304,0,1,1,0,1,0,1,0,0,0,0,1,0,1,0,1,0,0,1,0,1,0
randoop,randoop__1__RegressionTest305,0,1,1,0,1,0,1,1,0,1,0,1,0,1,0,1,0,0,1,0,1,0
randoop,randoop__1__RegressionTest308,0,1,1,0,1,0,1,0,0,0,0,1,0,1,0,1,0,0,1,0,1,0
randoop,randoop__1__RegressionTest310,0,1,1,0,1,0,1,0,0,0,0,1,0,1,0,1,0,0,1,0,1,0
randoop,randoop__1__RegressionTest314,0,1,1,0,1,0,1,0,0,0,0,1,0,1,0,1,0,0,1,0,1,0
randoop,randoop__1__RegressionTest316,0,1,1,0,1,0,1,0,0,0,0,1,0,1,0,1,0,0,1,0,1,0
randoop,randoop__1__RegressionTest317,0,1,1,0,1,0,1,0,0,0,0,1,0,1,0,1,0,0,1,0,1,0
randoop,randoop__1__RegressionTest318,0,1,1,0,1,0,1,0,0,0,0,1,0,1,0,1,0,0,1,0,1,0
randoop,randoop__1__RegressionTest320,0,1,1,0,1,0,1,0,0,0,0,1,0,1,0,1,0,0,1,0,1,0
randoop,randoop__1__RegressionTest321,0,1,1,0,1,0,1,0,0,0,0,1,0,1,0,1,0,0,1,0,1,0
randoop,randoop__1__RegressionTest322,0,1,1,0,1,0,1,0,0,0,0,1,0,1,0,1,0,0,1,0,1,0
randoop,randoop__1__RegressionTest323,0,1,1,0,1,0,1,0,0,0,0,1,0,1,0,1,0,0,1,0,1,0
randoop,randoop__1__RegressionTest325,0,1,1,0,1,0,1,0,0,0,0,1,0,1,0,1,0,0,1,0,1,0
randoop,randoop__1__RegressionTest327,0,1,1,0,1,0,1,0,0,0,0,1,0,1,0,1,0,0,1,0,1,0
randoop,randoop__1__RegressionTest328,0,1,1,0,1,0,1,0,0,0,0,1,0,1,0,1,0,0,1,0,1,0
randoop,randoop__1__RegressionTest329,0,1,1,0,1,0,1,0,0,0,0,1,0,1,0,1,0,0,1,0,1,0
randoop,randoop__1__RegressionTest331,0,1,1,0,1,0,1,0,0,0,0,1,0,1,0,1,0,0,1,0,1,0
randoop,randoop__1__RegressionTest332,0,1,1,0,1,0,1,0,0,0,0,1,0,1,0,1,0,0,1,0,1,0
randoop,randoop__1__RegressionTest333,0,1,1,0,1,0,1,0,0,0,0,1,0,1,0,1,0,0,1,0,1,0
randoop,randoop__1__RegressionTest337,0,1,1,0,1,0,1,1,0,1,0,1,0,1,0,1,0,0,1,0,1,0
randoop,randoop__1__RegressionTest338,0,1,1,0,1,0,1,0,0,0,0,1,0,1,0,1,0,0,1,0,1,0
randoop,randoop__1__RegressionTest34,0,1,1,0,1,0,1,0,0,0,0,1,0,1,0,1,0,0,1,0,1,0
randoop,randoop__1__RegressionTest342,0,1,1,0,1,0,1,0,0,0,0,1,0,1,0,1,0,0,1,0,1,0
randoop,randoop__1__RegressionTest344,0,1,1,0,1,0,1,0,0,0,0,1,0,1,0,1,0,0,1,0,1,0
randoop,randoop__1__RegressionTest345,0,1,1,0,1,0,1,0,0,0,0,1,0,1,0,1,0,0,1,0,1,0
randoop,randoop__1__RegressionTest346,0,1,1,0,1,0,1,0,0,0,0,1,0,1,0,1,0,0,1,0,1,0
randoop,randoop__1__RegressionTest349,0,1,1,0,1,0,1,0,0,0,0,1,0,1,0,1,0,0,1,0,1,0
randoop,randoop__1__RegressionTest35,0,1,1,0,1,0,1,0,0,0,0,1,0,1,0,1,0,0,1,0,1,0
randoop,randoop__1__RegressionTest352,0,1,1,0,1,0,1,0,0,0,0,1,0,1,0,1,0,0,1,0,1,0
randoop,randoop__1__RegressionTest354,0,1,1,0,1,0,1,0,0,0,0,1,0,1,0,1,0,0,1,0,1,0
randoop,randoop__1__RegressionTest356,0,1,1,0,1,0,1,0,0,0,0,1,0,1,0,1,0,0,1,0,1,0
randoop,randoop__1__RegressionTest357,0,1,1,0,1,0,1,0,0,0,0,1,0,1,0,1,0,0,1,0,1,0
randoop,randoop__1__RegressionTest359,0,1,1,0,1,0,1,0,0,0,0,1,0,1,0,1,0,0,1,0,1,0
randoop,randoop__1__RegressionTest360,0,1,1,0,1,0,1,0,0,0,0,1,0,1,0,1,0,0,1,0,1,0
randoop,randoop__1__RegressionTest361,0,1,1,0,1,0,1,0,0,0,0,1,0,1,0,1,0,0,1,0,1,0
randoop,randoop__1__RegressionTest362,0,1,1,0,1,0,1,0,0,0,0,1,0,1,0,1,0,0,1,0,1,0
randoop,randoop__1__RegressionTest364,0,1,1,0,1,0,1,0,0,0,0,1,0,1,0,1,0,0,1,0,1,0
randoop,randoop__1__RegressionTest367,0,1,1,0,1,0,1,0,0,0,0,1,0,1,0,1,0,0,1,0,1,0
randoop,randoop__1__RegressionTest37,0,1,1,0,1,0,1,0,0,0,0,1,0,1,0,1,0,0,1,0,1,0
randoop,randoop__1__RegressionTest371,0,1,1,0,1,0,1,0,0,0,0,1,0,1,0,1,0,0,1,0,1,0
randoop,randoop__1__RegressionTest373,0,1,1,0,1,0,1,0,0,0,0,1,0,1,0,1,0,0,1,0,1,0
randoop,randoop__1__RegressionTest375,0,1,1,0,1,0,1,0,0,0,0,1,0,1,0,1,0,0,1,0,1,0
randoop,randoop__1__RegressionTest377,0,1,1,0,1,0,1,0,0,0,0,1,0,1,0,1,0,0,1,0,1,0
randoop,randoop__1__RegressionTest38,0,1,1,0,1,0,1,0,0,0,0,1,0,1,0,1,0,0,1,0,1,0
randoop,randoop__1__RegressionTest381,0,1,1,0,1,0,1,0,0,0,0,1,0,1,0,1,0,0,1,0,1,0
randoop,randoop__1__RegressionTest383,0,1,1,0,1,0,1,1,0,1,0,1,0,1,0,1,0,0,1,0,1,0
randoop,randoop__1__RegressionTest384,0,1,1,0,1,0,1,0,0,0,0,1,0,1,0,1,0,0,1,0,1,0
randoop,randoop__1__RegressionTest388,0,1,1,0,1,0,1,0,0,0,0,1,0,1,0,1,0,0,1,0,1,0
randoop,randoop__1__RegressionTest390,0,1,1,0,1,0,1,0,0,0,0,1,0,1,0,1,0,0,1,0,1,0
randoop,randoop__1__RegressionTest391,0,1,1,0,1,0,1,0,0,0,0,1,0,1,0,1,0,0,1,0,1,0
randoop,randoop__1__RegressionTest395,0,1,1,0,1,0,1,0,0,0,0,1,0,1,0,1,0,0,1,0,1,0
randoop,randoop__1__RegressionTest396,0,1,1,0,1,0,1,0,0,0,0,1,0,1,0,1,0,0,1,0,1,0
randoop,randoop__1__RegressionTest4,0,1,1,0,1,0,1,0,0,0,0,1,0,1,0,1,0,0,1,0,1,0
randoop,randoop__1__RegressionTest400,0,1,1,0,1,0,1,0,0,0,0,1,0,1,0,1,0,0,1,0,1,0
randoop,randoop__1__RegressionTest403,0,1,1,0,1,0,1,0,0,0,0,1,0,1,0,1,0,0,1,0,1,0
randoop,randoop__1__RegressionTest405,0,1,1,0,1,0,1,0,0,0,0,1,0,1,0,1,0,0,1,0,1,0
randoop,randoop__1__RegressionTest406,0,1,1,0,1,0,1,0,0,0,0,1,0,1,0,1,0,0,1,0,1,0
randoop,randoop__1__RegressionTest409,0,1,1,0,1,0,1,0,0,0,0,1,0,1,0,1,0,0,1,0,1,0
randoop,randoop__1__RegressionTest410,0,1,1,0,1,0,1,0,0,0,0,1,0,1,0,1,0,0,1,0,1,0
randoop,randoop__1__RegressionTest412,0,1,1,0,1,0,1,0,0,0,0,1,0,1,0,1,0,0,1,0,1,0
randoop,randoop__1__RegressionTest415,0,1,1,0,1,0,1,0,0,0,0,1,0,1,0,1,0,0,1,0,1,0
randoop,randoop__1__RegressionTest416,0,1,1,0,1,0,1,0,0,0,0,1,0,1,0,1,0,0,1,0,1,0
randoop,randoop__1__RegressionTest417,0,1,1,0,1,0,1,0,0,0,0,1,0,1,0,1,0,0,1,0,1,0
randoop,randoop__1__RegressionTest419,0,1,1,0,1,0,1,1,0,1,0,1,0,1,0,1,0,0,1,0,1,0
randoop,randoop__1__RegressionTest42,0,1,1,0,1,0,1,0,0,0,0,1,0,1,0,1,0,0,1,0,1,0
randoop,randoop__1__RegressionTest420,0,1,1,0,1,0,1,0,0,0,0,1,0,1,0,1,0,0,1,0,1,0
randoop,randoop__1__RegressionTest423,0,1,1,0,1,0,1,0,0,0,0,1,0,1,0,1,0,0,1,0,1,0
randoop,randoop__1__RegressionTest424,0,1,1,0,1,0,1,0,0,0,0,1,0,1,0,1,0,0,1,0,1,0
randoop,randoop__1__RegressionTest427,0,1,1,0,1,0,1,0,0,0,0,1,0,1,0,1,0,0,1,0,1,0
randoop,randoop__1__RegressionTest428,0,1,1,0,1,0,1,1,0,1,0,1,0,1,0,1,0,0,1,0,1,0
randoop,randoop__1__RegressionTest433,0,1,1,0,1,0,1,0,0,0,0,1,0,1,0,1,0,0,1,0,1,0
randoop,randoop__1__RegressionTest435,0,1,1,0,1,0,1,1,0,1,0,1,0,1,0,1,0,0,1,0,1,0
randoop,randoop__1__RegressionTest437,0,1,1,0,1,0,1,0,0,0,0,1,0,1,0,1,0,0,1,0,1,0
randoop,randoop__1__RegressionTest439,0,1,1,0,1,0,1,1,0,1,0,1,0,1,0,1,0,0,1,0,1,0
randoop,randoop__1__RegressionTest44,0,1,1,0,1,0,1,0,0,0,0,1,0,1,0,1,0,0,1,0,1,0
randoop,randoop__1__RegressionTest441,0,1,1,0,1,0,1,0,0,0,0,1,0,1,0,1,0,0,1,0,1,0
randoop,randoop__1__RegressionTest442,0,1,1,0,1,0,1,0,0,0,0,1,0,1,0,1,0,0,1,0,1,0
randoop,randoop__1__RegressionTest445,0,1,1,0,1,0,1,0,0,0,0,1,0,1,0,1,0,0,1,0,1,0
randoop,randoop__1__RegressionTest448,0,1,1,0,1,0,1,0,0,0,0,1,0,1,0,1,0,0,1,0,1,0
randoop,randoop__1__RegressionTest449,0,1,1,0,1,0,1,0,0,0,0,1,0,1,0,1,0,0,1,0,1,0
randoop,randoop__1__RegressionTest450,0,1,1,0,1,0,1,0,0,0,0,1,0,1,0,1,0,0,1,0,1,0
randoop,randoop__1__RegressionTest452,0,1,1,0,1,0,1,1,0,1,0,1,0,1,0,1,0,0,1,0,1,0
randoop,randoop__1__RegressionTest453,0,1,1,0,1,0,1,0,0,0,0,1,0,1,0,1,0,0,1,0,1,0
randoop,randoop__1__RegressionTest455,0,1,1,0,1,0,1,0,0,0,0,1,0,1,0,1,0,0,1,0,1,0
randoop,randoop__1__RegressionTest457,0,1,1,0,1,0,1,0,0,0,0,1,0,1,0,1,0,0,1,0,1,0
randoop,randoop__1__RegressionTest459,0,1,1,0,1,0,1,0,0,0,0,1,0,1,0,1,0,0,1,0,1,0
randoop,randoop__1__RegressionTest460,0,1,1,0,1,0,1,0,0,0,0,1,0,1,0,1,0,0,1,0,1,0
randoop,randoop__1__RegressionTest462,0,1,1,0,1,0,1,0,0,0,0,1,0,1,0,1,0,0,1,0,1,0
randoop,randoop__1__RegressionTest463,0,1,1,0,1,0,1,0,0,0,0,1,0,1,0,1,0,0,1,0,1,0
randoop,randoop__1__RegressionTest464,0,1,1,0,1,0,1,0,0,0,0,1,0,1,0,1,0,0,1,0,1,0
randoop,randoop__1__RegressionTest466,0,1,1,0,1,0,1,1,0,1,0,1,0,1,0,1,0,0,1,0,1,0
randoop,randoop__1__RegressionTest467,0,1,1,0,1,0,1,0,0,0,0,1,0,1,0,1,0,0,1,0,1,0
randoop,randoop__1__RegressionTest468,0,1,1,0,1,0,1,0,0,0,0,1,0,1,0,1,0,0,1,0,1,0
randoop,randoop__1__RegressionTest469,0,1,1,0,1,0,1,0,0,0,0,1,0,1,0,1,0,0,1,0,1,0
randoop,randoop__1__RegressionTest47,0,1,1,0,1,0,1,0,0,0,0,1,0,1,0,1,0,0,1,0,1,0
randoop,randoop__1__RegressionTest471,0,1,1,0,1,0,1,0,0,0,0,1,0,1,0,1,0,0,1,0,1,0
randoop,randoop__1__RegressionTest472,0,1,1,0,1,0,1,1,0,1,0,1,0,1,0,1,0,0,1,0,1,0
randoop,randoop__1__RegressionTest473,0,1,1,0,1,0,1,0,0,0,0,1,0,1,0,1,0,0,1,0,1,0
randoop,randoop__1__RegressionTest476,0,1,1,0,1,0,1,1,0,1,0,1,0,1,0,1,0,0,1,0,1,0
randoop,randoop__1__RegressionTest477,0,1,1,0,1,0,1,0,0,0,0,1,0,1,0,1,0,0,1,0,1,0
randoop,randoop__1__RegressionTest479,0,1,1,0,1,0,1,0,0,0,0,1,0,1,0,1,0,0,1,0,1,0
randoop,randoop__1__RegressionTest48,0,1,1,0,1,0,1,0,0,0,0,1,0,1,0,1,0,0,1,0,1,0
randoop,randoop__1__RegressionTest481,0,1,1,0,1,0,1,0,0,0,0,1,0,1,0,1,0,0,1,0,1,0
randoop,randoop__1__RegressionTest485,0,1,1,0,1,0,1,1,0,1,0,1,0,1,0,1,0,0,1,0,1,0
randoop,randoop__1__RegressionTest487,0,1,1,0,1,0,1,0,0,0,0,1,0,1,0,1,0,0,1,0,1,0
randoop,randoop__1__RegressionTest488,0,1,1,0,1,0,1,1,0,1,0,1,0,1,0,1,0,0,1,0,1,0
randoop,randoop__1__RegressionTest49,0,1,1,0,1,0,1,1,0,1,0,1,0,1,0,1,0,0,1,0,1,0
randoop,randoop__1__RegressionTest490,0,1,1,0,1,0,1,1,0,1,0,1,0,1,0,1,0,0,1,0,1,0
randoop,randoop__1__RegressionTest492,0,1,1,0,1,0,1,0,0,0,0,1,0,1,0,1,0,0,1,0,1,0
randoop,randoop__1__RegressionTest493,0,1,1,0,1,0,1,0,0,0,0,1,0,1,0,1,0,0,1,0,1,0
randoop,randoop__1__RegressionTest496,0,1,1,0,1,0,1,0,0,0,0,1,0,1,0,1,0,0,1,0,1,0
randoop,randoop__1__RegressionTest499,0,1,1,0,1,0,1,0,0,0,0,1,0,1,0,1,0,0,1,0,1,0
randoop,randoop__1__RegressionTest5,0,1,1,0,1,0,1,1,0,1,0,1,0,1,0,1,0,0,1,0,1,0
randoop,randoop__1__RegressionTest50,0,1,1,0,1,0,1,0,0,0,0,1,0,1,0,1,0,0,1,0,1,0
randoop,randoop__1__RegressionTest503,0,1,1,0,1,0,1,1,0,1,0,1,0,1,0,1,0,0,1,0,1,0
randoop,randoop__1__RegressionTest504,0,1,1,0,1,0,1,0,0,0,0,1,0,1,0,1,0,0,1,0,1,0
randoop,randoop__1__RegressionTest506,0,1,1,0,1,0,1,0,0,0,0,1,0,1,0,1,0,0,1,0,1,0
randoop,randoop__1__RegressionTest509,0,1,1,0,1,0,1,0,0,0,0,1,0,1,0,1,0,0,1,0,1,0
randoop,randoop__1__RegressionTest51,0,1,1,0,1,0,1,0,0,0,0,1,0,1,0,1,0,0,1,0,1,0
randoop,randoop__1__RegressionTest512,0,1,1,0,1,0,1,0,0,0,0,1,0,1,0,1,0,0,1,0,1,0
randoop,randoop__1__RegressionTest514,0,1,1,0,1,0,1,0,0,0,0,1,0,1,0,1,0,0,1,0,1,0
randoop,randoop__1__RegressionTest515,0,1,1,0,1,0,1,1,0,1,0,1,0,1,0,1,0,0,1,0,1,0
randoop,randoop__1__RegressionTest519,0,1,1,0,1,0,1,0,0,0,0,1,0,1,0,1,0,0,1,0,1,0
randoop,randoop__1__RegressionTest520,0,1,1,0,1,0,1,0,0,0,0,1,0,1,0,1,0,0,1,0,1,0
randoop,randoop__1__RegressionTest521,0,1,1,0,1,0,1,0,0,0,0,1,0,1,0,1,0,0,1,0,1,0
randoop,randoop__1__RegressionTest522,0,1,1,0,1,0,1,0,0,0,0,1,0,1,0,1,0,0,1,0,1,0
randoop,randoop__1__RegressionTest528,0,1,1,0,1,0,1,0,0,0,0,1,0,1,0,1,0,0,1,0,1,0
randoop,randoop__1__RegressionTest529,0,1,1,0,1,0,1,1,0,1,0,1,0,1,0,1,0,0,1,0,1,0
randoop,randoop__1__RegressionTest530,0,1,1,0,1,0,1,1,0,1,0,1,0,1,0,1,0,0,1,0,1,0
randoop,randoop__1__RegressionTest531,0,1,1,0,1,0,1,0,0,0,0,1,0,1,0,1,0,0,1,0,1,0
randoop,randoop__1__RegressionTest532,0,1,1,0,1,0,1,1,0,1,0,1,0,1,0,1,0,0,1,0,1,0
randoop,randoop__1__RegressionTest533,0,1,1,0,1,0,1,0,0,0,0,1,0,1,0,1,0,0,1,0,1,0
randoop,randoop__1__RegressionTest536,0,1,1,0,1,0,1,0,0,0,0,1,0,1,0,1,0,0,1,0,1,0
randoop,randoop__1__RegressionTest537,0,1,1,0,1,0,1,0,0,0,0,1,0,1,0,1,0,0,1,0,1,0
randoop,randoop__1__RegressionTest538,0,1,1,0,1,0,1,0,0,0,0,1,0,1,0,1,0,0,1,0,1,0
randoop,randoop__1__RegressionTest540,0,1,1,0,1,0,1,0,0,0,0,1,0,1,0,1,0,0,1,0,1,0
randoop,randoop__1__RegressionTest541,0,1,1,0,1,0,1,0,0,0,0,1,0,1,0,1,0,0,1,0,1,0
randoop,randoop__1__RegressionTest542,0,1,1,0,1,0,1,1,0,1,0,1,0,1,0,1,0,0,1,0,1,0
randoop,randoop__1__RegressionTest544,0,1,1,0,1,0,1,0,0,0,0,1,0,1,0,1,0,0,1,0,1,0
randoop,randoop__1__RegressionTest545,0,1,1,0,1,0,1,0,0,0,0,1,0,1,0,1,0,0,1,0,1,0
randoop,randoop__1__RegressionTest546,0,1,1,0,1,0,1,1,0,1,0,1,0,1,0,1,0,0,1,0,1,0
randoop,randoop__1__RegressionTest549,0,1,1,0,1,0,1,0,0,0,0,1,0,1,0,1,0,0,1,0,1,0
randoop,randoop__1__RegressionTest55,0,1,1,0,1,0,1,0,0,0,0,1,0,1,0,1,0,0,1,0,1,0
randoop,randoop__1__RegressionTest550,0,1,1,0,1,0,1,1,0,1,0,1,0,1,0,1,0,0,1,0,1,0
randoop,randoop__1__RegressionTest553,0,1,1,0,1,0,1,0,0,0,0,1,0,1,0,1,0,0,1,0,1,0
randoop,randoop__1__RegressionTest555,0,1,1,0,1,0,1,0,0,0,0,1,0,1,0,1,0,0,1,0,1,0
randoop,randoop__1__RegressionTest559,0,1,1,0,1,0,1,0,0,0,0,1,0,1,0,1,0,0,1,0,1,0
randoop,randoop__1__RegressionTest560,0,1,1,0,1,0,1,0,0,0,0,1,0,1,0,1,0,0,1,0,1,0
randoop,randoop__1__RegressionTest563,0,1,1,0,1,0,1,0,0,0,0,1,0,1,0,1,0,0,1,0,1,0
randoop,randoop__1__RegressionTest566,0,1,1,0,1,0,1,0,0,0,0,1,0,1,0,1,0,0,1,0,1,0
randoop,randoop__1__RegressionTest576,0,1,1,0,1,0,1,0,0,0,0,1,0,1,0,1,0,0,1,0,1,0
randoop,randoop__1__RegressionTest577,0,1,1,0,1,0,1,1,0,1,0,1,0,1,0,1,0,0,1,0,1,0
randoop,randoop__1__RegressionTest582,0,1,1,0,1,0,1,0,0,0,0,1,0,1,0,1,0,0,1,0,1,0
randoop,randoop__1__RegressionTest59,0,1,1,0,1,0,1,0,0,0,0,1,0,1,0,1,0,0,1,0,1,0
randoop,randoop__1__RegressionTest590,0,1,1,0,1,0,1,0,0,0,0,1,0,1,0,1,0,0,1,0,1,0
randoop,randoop__1__RegressionTest591,0,1,1,0,1,0,1,0,0,0,0,1,0,1,0,1,0,0,1,0,1,0
randoop,randoop__1__RegressionTest593,0,1,1,0,1,0,1,0,0,0,0,1,0,1,0,1,0,0,1,0,1,0
randoop,randoop__1__RegressionTest595,0,1,1,0,1,0,1,0,0,0,0,1,0,1,0,1,0,0,1,0,1,0
randoop,randoop__1__RegressionTest596,0,1,1,0,1,0,1,0,0,0,0,1,0,1,0,1,0,0,1,0,1,0
randoop,randoop__1__RegressionTest60,0,1,1,0,1,0,1,1,0,1,0,1,0,1,0,1,0,0,1,0,1,0
randoop,randoop__1__RegressionTest603,0,1,1,0,1,0,1,0,0,0,0,1,0,1,0,1,0,0,1,0,1,0
randoop,randoop__1__RegressionTest606,0,1,1,0,1,0,1,1,0,1,0,1,0,1,0,1,0,0,1,0,1,0
randoop,randoop__1__RegressionTest611,0,1,1,0,1,0,1,0,0,0,0,1,0,1,0,1,0,0,1,0,1,0
randoop,randoop__1__RegressionTest612,0,1,1,0,1,0,1,0,0,0,0,1,0,1,0,1,0,0,1,0,1,0
randoop,randoop__1__RegressionTest613,0,1,1,0,1,0,1,1,0,1,0,1,0,1,0,1,0,0,1,0,1,0
randoop,randoop__1__RegressionTest614,0,1,1,0,1,0,1,0,0,0,0,1,0,1,0,1,0,0,1,0,1,0
randoop,randoop__1__RegressionTest616,0,1,1,0,1,0,1,0,0,0,0,1,0,1,0,1,0,0,1,0,1,0
randoop,randoop__1__RegressionTest618,0,1,1,0,1,0,1,1,0,1,0,1,0,1,0,1,0,0,1,0,1,0
randoop,randoop__1__RegressionTest619,0,1,1,0,1,0,1,0,0,0,0,1,0,1,0,1,0,0,1,0,1,0
randoop,randoop__1__RegressionTest62,0,1,1,0,1,0,1,0,0,0,0,1,0,1,0,1,0,0,1,0,1,0
randoop,randoop__1__RegressionTest621,0,1,1,0,1,0,1,0,0,0,0,1,0,1,0,1,0,0,1,0,1,0
randoop,randoop__1__RegressionTest629,0,1,1,0,1,0,1,0,0,0,0,1,0,1,0,1,0,0,1,0,1,0
randoop,randoop__1__RegressionTest630,0,1,1,0,1,0,1,1,0,1,0,1,0,1,0,1,0,0,1,0,1,0
randoop,randoop__1__RegressionTest631,0,1,1,0,1,0,1,0,0,0,0,1,0,1,0,1,0,0,1,0,1,0
randoop,randoop__1__RegressionTest633,0,1,1,0,1,0,1,0,0,0,0,1,0,1,0,1,0,0,1,0,1,0
randoop,randoop__1__RegressionTest636,0,1,1,0,1,0,1,1,0,1,0,1,0,1,0,1,0,0,1,0,1,0
randoop,randoop__1__RegressionTest638,0,1,1,0,1,0,1,0,0,0,0,1,0,1,0,1,0,0,1,0,1,0
randoop,randoop__1__RegressionTest639,0,1,1,0,1,0,1,1,0,1,0,1,0,1,0,1,0,0,1,0,1,0
randoop,randoop__1__RegressionTest64,0,1,1,0,1,0,1,0,0,0,0,1,0,1,0,1,0,0,1,0,1,0
randoop,randoop__1__RegressionTest641,0,1,1,0,1,0,1,0,0,0,0,1,0,1,0,1,0,0,1,0,1,0
randoop,randoop__1__RegressionTest645,0,1,1,0,1,0,1,0,0,0,0,1,0,1,0,1,0,0,1,0,1,0
randoop,randoop__1__RegressionTest646,0,1,1,0,1,0,1,0,0,0,0,1,0,1,0,1,0,0,1,0,1,0
randoop,randoop__1__RegressionTest647,0,1,1,0,1,0,1,0,0,0,0,1,0,1,0,1,0,0,1,0,1,0
randoop,randoop__1__RegressionTest65,0,1,1,0,1,0,1,0,0,0,0,1,0,1,0,1,0,0,1,0,1,0
randoop,randoop__1__RegressionTest653,0,1,1,0,1,0,1,0,0,0,0,1,0,1,0,1,0,0,1,0,1,0
randoop,randoop__1__RegressionTest654,0,1,1,0,1,0,1,0,0,0,0,1,0,1,0,1,0,0,1,0,1,0
randoop,randoop__1__RegressionTest655,0,1,1,0,1,0,1,0,0,0,0,1,0,1,0,1,0,0,1,0,1,0
randoop,randoop__1__RegressionTest656,0,1,1,0,1,0,1,0,0,0,0,1,0,1,0,1,0,0,1,0,1,0
randoop,randoop__1__RegressionTest657,0,1,1,0,1,0,1,0,0,0,0,1,0,1,0,1,0,0,1,0,1,0
randoop,randoop__1__RegressionTest658,0,1,1,0,1,0,1,0,0,0,0,1,0,1,0,1,0,0,1,0,1,0
randoop,randoop__1__RegressionTest659,0,1,1,0,1,0,1,1,0,1,0,1,0,1,0,1,0,0,1,0,1,0
randoop,randoop__1__RegressionTest66,0,1,1,0,1,0,1,1,0,1,0,1,0,1,0,1,0,0,1,0,1,0
randoop,randoop__1__RegressionTest663,0,1,1,0,1,0,1,0,0,0,0,1,0,1,0,1,0,0,1,0,1,0
randoop,randoop__1__RegressionTest664,0,1,1,0,1,0,1,0,0,0,0,1,0,1,0,1,0,0,1,0,1,0
randoop,randoop__1__RegressionTest673,0,1,1,0,1,0,1,0,0,0,0,1,0,1,0,1,0,0,1,0,1,0
randoop,randoop__1__RegressionTest676,0,1,1,0,1,0,1,0,0,0,0,1,0,1,0,1,0,0,1,0,1,0
randoop,randoop__1__RegressionTest68,0,1,1,0,1,0,1,0,0,0,0,1,0,1,0,1,0,0,1,0,1,0
randoop,randoop__1__RegressionTest70,0,1,1,0,1,0,1,0,0,0,0,1,0,1,0,1,0,0,1,0,1,0
randoop,randoop__1__RegressionTest71,0,1,1,0,1,0,1,0,0,0,0,1,0,1,0,1,0,0,1,0,1,0
randoop,randoop__1__RegressionTest77,0,1,1,0,1,0,1,0,0,0,0,1,0,1,0,1,0,0,1,0,1,0
randoop,randoop__1__RegressionTest8,0,1,1,0,1,0,1,0,0,0,0,1,0,1,0,1,0,0,1,0,1,0
randoop,randoop__1__RegressionTest80,0,1,1,0,1,0,1,0,0,0,0,1,0,1,0,1,0,0,1,0,1,0
randoop,randoop__1__RegressionTest81,0,1,1,0,1,0,1,0,0,0,0,1,0,1,0,1,0,0,1,0,1,0
randoop,randoop__1__RegressionTest83,0,1,1,0,1,0,1,0,0,0,0,1,0,1,0,1,0,0,1,0,1,0
randoop,randoop__1__RegressionTest84,0,1,1,0,1,0,1,1,0,1,0,1,0,1,0,1,0,0,1,0,1,0
randoop,randoop__1__RegressionTest85,0,1,1,0,1,0,1,0,0,0,0,1,0,1,0,1,0,0,1,0,1,0
randoop,randoop__1__RegressionTest86,0,1,1,0,1,0,1,0,0,0,0,1,0,1,0,1,0,0,1,0,1,0
randoop,randoop__1__RegressionTest91,0,1,1,0,1,0,1,0,0,0,0,1,0,1,0,1,0,0,1,0,1,0
randoop,randoop__1__RegressionTest94,0,1,1,0,1,0,1,0,0,0,0,1,0,1,0,1,0,0,1,0,1,0
randoop,randoop__1__RegressionTest95,0,1,1,0,1,0,1,0,0,0,0,1,0,1,0,1,0,0,1,0,1,0
randoop,randoop__1__RegressionTest96,0,1,1,0,1,0,1,0,0,0,0,1,0,1,0,1,0,0,1,0,1,0
randoop,randoop__1__RegressionTest99,0,1,1,0,1,0,1,0,0,0,0,1,0,1,0,1,0,0,1,0,1,0
randoop,randoop__1__RegressionTest10,0,1,1,0,1,0,1,0,0,0,0,1,0,1,0,1,0,0,1,0,1,0
randoop,randoop__1__RegressionTest103,0,1,1,0,1,0,1,0,0,0,0,1,0,1,0,1,0,0,1,0,1,0
randoop,randoop__1__RegressionTest105,0,1,1,0,1,0,1,0,0,0,0,1,0,1,0,1,0,0,1,0,1,0
randoop,randoop__1__RegressionTest106,0,1,1,0,1,0,1,0,0,0,0,1,0,1,0,1,0,0,1,0,1,0
randoop,randoop__1__RegressionTest107,0,1,1,0,1,0,1,0,0,0,0,1,0,1,0,1,0,0,1,0,1,0
randoop,randoop__1__RegressionTest108,0,1,1,0,1,0,1,1,0,1,0,1,0,1,0,1,0,0,1,0,1,0
randoop,randoop__1__RegressionTest109,0,1,1,0,1,0,1,0,0,0,0,1,0,1,0,1,0,0,1,0,1,0
randoop,randoop__1__RegressionTest11,0,1,1,0,1,0,1,0,0,0,0,1,0,1,0,1,0,0,1,0,1,0
randoop,randoop__1__RegressionTest110,0,1,1,0,1,0,1,0,0,0,0,1,0,1,0,1,0,0,1,0,1,0
randoop,randoop__1__RegressionTest111,0,1,1,0,1,0,1,0,0,0,0,1,0,1,0,1,0,0,1,0,1,0
randoop,randoop__1__RegressionTest113,0,1,1,0,1,0,1,0,0,0,0,1,0,1,0,1,0,0,1,0,1,0
randoop,randoop__1__RegressionTest114,0,1,1,0,1,0,1,0,0,0,0,1,0,1,0,1,0,0,1,0,1,0
randoop,randoop__1__RegressionTest115,0,1,1,0,1,0,1,0,0,0,0,1,0,1,0,1,0,0,1,0,1,0
randoop,randoop__1__RegressionTest116,0,1,1,0,1,0,1,0,0,0,0,1,0,1,0,1,0,0,1,0,1,0
randoop,randoop__1__RegressionTest117,0,1,1,0,1,0,1,1,0,1,0,1,0,1,0,1,0,0,1,0,1,0
randoop,randoop__1__RegressionTest118,0,1,1,0,1,0,1,0,0,0,0,1,0,1,0,1,0,0,1,0,1,0
randoop,randoop__1__RegressionTest12,0,1,1,0,1,0,1,0,0,0,0,1,0,1,0,1,0,0,1,0,1,0
randoop,randoop__1__RegressionTest120,0,1,1,0,1,0,1,1,0,1,0,1,0,1,0,1,0,0,1,0,1,0
randoop,randoop__1__RegressionTest121,0,1,1,0,1,0,1,0,0,0,0,1,0,1,0,1,0,0,1,0,1,0
randoop,randoop__1__RegressionTest123,0,1,1,0,1,0,1,0,0,0,0,1,0,1,0,1,0,0,1,0,1,0
randoop,randoop__1__RegressionTest125,0,1,1,0,1,0,1,0,0,0,0,1,0,1,0,1,0,0,1,0,1,0
randoop,randoop__1__RegressionTest126,0,1,1,0,1,0,1,1,0,1,0,1,0,1,0,1,0,0,1,0,1,0
randoop,randoop__1__RegressionTest127,0,1,1,0,1,0,1,0,0,0,0,1,0,1,0,1,0,0,1,0,1,0
randoop,randoop__1__RegressionTest129,0,1,1,0,1,0,1,0,0,0,0,1,0,1,0,1,0,0,1,0,1,0
randoop,randoop__1__RegressionTest130,0,1,1,0,1,0,1,0,0,0,0,1,0,1,0,1,0,0,1,0,1,0
randoop,randoop__1__RegressionTest131,0,1,1,0,1,0,1,0,0,0,0,1,0,1,0,1,0,0,1,0,1,0
randoop,randoop__1__RegressionTest133,0,1,1,0,1,0,1,0,0,0,0,1,0,1,0,1,0,0,1,0,1,0
randoop,randoop__1__RegressionTest135,0,1,1,0,1,0,1,0,0,0,0,1,0,1,0,1,0,0,1,0,1,0
randoop,randoop__1__RegressionTest137,0,1,1,0,1,0,1,0,0,0,0,1,0,1,0,1,0,0,1,0,1,0
randoop,randoop__1__RegressionTest138,0,1,1,0,1,0,1,0,0,0,0,1,0,1,0,1,0,0,1,0,1,0
randoop,randoop__1__RegressionTest139,0,1,1,0,1,0,1,1,0,1,0,1,0,1,0,1,0,0,1,0,1,0
randoop,randoop__1__RegressionTest14,0,1,1,0,1,0,1,0,0,0,0,1,0,1,0,1,0,0,1,0,1,0
randoop,randoop__1__RegressionTest141,0,1,1,0,1,0,1,0,0,0,0,1,0,1,0,1,0,0,1,0,1,0
randoop,randoop__1__RegressionTest142,0,1,1,0,1,0,1,0,0,0,0,1,0,1,0,1,0,0,1,0,1,0
randoop,randoop__1__RegressionTest144,0,1,1,0,1,0,1,0,0,0,0,1,0,1,0,1,0,0,1,0,1,0
randoop,randoop__1__RegressionTest146,0,1,1,0,1,0,1,0,0,0,0,1,0,1,0,1,0,0,1,0,1,0
randoop,randoop__1__RegressionTest149,0,1,1,0,1,0,1,0,0,0,0,1,0,1,0,1,0,0,1,0,1,0
randoop,randoop__1__RegressionTest15,0,1,1,0,1,0,1,0,0,0,0,1,0,1,0,1,0,0,1,0,1,0
randoop,randoop__1__RegressionTest150,0,1,1,0,1,0,1,0,0,0,0,1,0,1,0,1,0,0,1,0,1,0
randoop,randoop__1__RegressionTest156,0,1,1,0,1,0,1,0,0,0,0,1,0,1,0,1,0,0,1,0,1,0
randoop,randoop__1__RegressionTest158,0,1,1,0,1,0,1,0,0,0,0,1,0,1,0,1,0,0,1,0,1,0
randoop,randoop__1__RegressionTest162,0,1,1,0,1,0,1,0,0,0,0,1,0,1,0,1,0,0,1,0,1,0
randoop,randoop__1__RegressionTest166,0,1,1,0,1,0,1,0,0,0,0,1,0,1,0,1,0,0,1,0,1,0
randoop,randoop__1__RegressionTest168,0,1,1,0,1,0,1,0,0,0,0,1,0,1,0,1,0,0,1,0,1,0
randoop,randoop__1__RegressionTest169,0,1,1,0,1,0,1,0,0,0,0,1,0,1,0,1,0,0,1,0,1,0
randoop,randoop__1__RegressionTest171,0,1,1,0,1,0,1,0,0,0,0,1,0,1,0,1,0,0,1,0,1,0
randoop,randoop__1__RegressionTest172,0,1,1,0,1,0,1,0,0,0,0,1,0,1,0,1,0,0,1,0,1,0
randoop,randoop__1__RegressionTest175,0,1,1,0,1,0,1,0,0,0,0,1,0,1,0,1,0,0,1,0,1,0
randoop,randoop__1__RegressionTest176,0,1,1,0,1,0,1,0,0,0,0,1,0,1,0,1,0,0,1,0,1,0
randoop,randoop__1__RegressionTest177,0,1,1,0,1,0,1,0,0,0,0,1,0,1,0,1,0,0,1,0,1,0
randoop,randoop__1__RegressionTest179,0,1,1,0,1,0,1,0,0,0,0,1,0,1,0,1,0,0,1,0,1,0
randoop,randoop__1__RegressionTest180,0,1,1,0,1,0,1,0,0,0,0,1,0,1,0,1,0,0,1,0,1,0
randoop,randoop__1__RegressionTest181,0,1,1,0,1,0,1,0,0,0,0,1,0,1,0,1,0,0,1,0,1,0
randoop,randoop__1__RegressionTest182,0,1,1,0,1,0,1,0,0,0,0,1,0,1,0,1,0,0,1,0,1,0
randoop,randoop__1__RegressionTest184,0,1,1,0,1,0,1,1,0,1,0,1,0,1,0,1,0,0,1,0,1,0
randoop,randoop__1__RegressionTest187,0,1,1,0,1,0,1,0,0,0,0,1,0,1,0,1,0,0,1,0,1,0
randoop,randoop__1__RegressionTest188,0,1,1,0,1,0,1,0,0,0,0,1,0,1,0,1,0,0,1,0,1,0
randoop,randoop__1__RegressionTest189,0,1,1,0,1,0,1,0,0,0,0,1,0,1,0,1,0,0,1,0,1,0
randoop,randoop__1__RegressionTest19,0,1,1,0,1,0,1,0,0,0,0,1,0,1,0,1,0,0,1,0,1,0
randoop,randoop__1__RegressionTest191,0,1,1,0,1,0,1,0,0,0,0,1,0,1,0,1,0,0,1,0,1,0
randoop,randoop__1__RegressionTest195,0,1,1,0,1,0,1,0,0,0,0,1,0,1,0,1,0,0,1,0,1,0
randoop,randoop__1__RegressionTest199,0,1,1,0,1,0,1,0,0,0,0,1,0,1,0,1,0,0,1,0,1,0
randoop,randoop__1__RegressionTest2,0,1,1,1,1,0,1,1,1,1,1,1,0,1,0,1,0,0,1,0,1,0
randoop,randoop__1__RegressionTest203,0,1,1,0,1,0,1,0,0,0,0,1,0,1,0,1,0,0,1,0,1,0
randoop,randoop__1__RegressionTest204,0,1,1,0,1,0,1,0,0,0,0,1,0,1,0,1,0,0,1,0,1,0
randoop,randoop__1__RegressionTest21,0,1,1,0,1,0,1,0,0,0,0,1,0,1,0,1,0,0,1,0,1,0
randoop,randoop__1__RegressionTest210,0,1,1,0,1,0,1,0,0,0,0,1,0,1,0,1,0,0,1,0,1,0
randoop,randoop__1__RegressionTest213,0,1,1,0,1,0,1,0,0,0,0,1,0,1,0,1,0,0,1,0,1,0
randoop,randoop__1__RegressionTest217,0,1,1,0,1,0,1,0,0,0,0,1,0,1,0,1,0,0,1,0,1,0
randoop,randoop__1__RegressionTest218,0,1,1,0,1,0,1,0,0,0,0,1,0,1,0,1,0,0,1,0,1,0
randoop,randoop__1__RegressionTest219,0,1,1,0,1,0,1,0,0,0,0,1,0,1,0,1,0,0,1,0,1,0
randoop,randoop__1__RegressionTest220,0,1,1,0,1,0,1,0,0,0,0,1,0,1,0,1,0,0,1,0,1,0
randoop,randoop__1__RegressionTest223,0,1,1,0,1,0,1,0,0,0,0,1,0,1,0,1,0,0,1,0,1,0
randoop,randoop__1__RegressionTest225,0,1,1,0,1,0,1,0,0,0,0,1,0,1,0,1,0,0,1,0,1,0
randoop,randoop__1__RegressionTest226,0,1,1,0,1,0,1,1,0,1,0,1,0,1,0,1,0,0,1,0,1,0
randoop,randoop__1__RegressionTest229,0,1,1,0,1,0,1,0,0,0,0,1,0,1,0,1,0,0,1,0,1,0
randoop,randoop__1__RegressionTest230,0,1,1,0,1,0,1,0,0,0,0,1,0,1,0,1,0,0,1,0,1,0
randoop,randoop__1__RegressionTest233,0,1,1,0,1,0,1,0,0,0,0,1,0,1,0,1,0,0,1,0,1,0
randoop,randoop__1__RegressionTest234,0,1,1,0,1,0,1,0,0,0,0,1,0,1,0,1,0,0,1,0,1,0
randoop,randoop__1__RegressionTest236,0,1,1,0,1,0,1,0,0,0,0,1,0,1,0,1,0,0,1,0,1,0
randoop,randoop__1__RegressionTest237,0,1,1,0,1,0,1,0,0,0,0,1,0,1,0,1,0,0,1,0,1,0
randoop,randoop__1__RegressionTest24,0,1,1,0,1,0,1,0,0,0,0,1,0,1,0,1,0,0,1,0,1,0
randoop,randoop__1__RegressionTest240,0,1,1,0,1,0,1,0,0,0,0,1,0,1,0,1,0,0,1,0,1,0
randoop,randoop__1__RegressionTest243,0,1,1,0,1,0,1,0,0,0,0,1,0,1,0,1,0,0,1,0,1,0
randoop,randoop__1__RegressionTest244,0,1,1,0,1,0,1,0,0,0,0,1,0,1,0,1,0,0,1,0,1,0
randoop,randoop__1__RegressionTest245,0,1,1,0,1,0,1,0,0,0,0,1,0,1,0,1,0,0,1,0,1,0
randoop,randoop__1__RegressionTest246,0,1,1,0,1,0,1,0,0,0,0,1,0,1,0,1,0,0,1,0,1,0
randoop,randoop__1__RegressionTest248,0,1,1,0,1,0,1,0,0,0,0,1,0,1,0,1,0,0,1,0,1,0
randoop,randoop__1__RegressionTest249,0,1,1,0,1,0,1,0,0,0,0,1,0,1,0,1,0,0,1,0,1,0
randoop,randoop__1__RegressionTest250,0,1,1,0,1,0,1,0,0,0,0,1,0,1,0,1,0,0,1,0,1,0
randoop,randoop__1__RegressionTest252,0,1,1,0,1,0,1,0,0,0,0,1,0,1,0,1,0,0,1,0,1,0
randoop,randoop__1__RegressionTest253,0,1,1,0,1,0,1,0,0,0,0,1,0,1,0,1,0,0,1,0,1,0
randoop,randoop__1__RegressionTest254,0,1,1,0,1,0,1,0,0,0,0,1,0,1,0,1,0,0,1,0,1,0
randoop,randoop__1__RegressionTest256,0,1,1,0,1,0,1,0,0,0,0,1,0,1,0,1,0,0,1,0,1,0
randoop,randoop__1__RegressionTest257,0,1,1,0,1,0,1,0,0,0,0,1,0,1,0,1,0,0,1,0,1,0
randoop,randoop__1__RegressionTest259,0,1,1,0,1,0,1,0,0,0,0,1,0,1,0,1,0,0,1,0,1,0
randoop,randoop__1__RegressionTest261,0,1,1,0,1,0,1,0,0,0,0,1,0,1,0,1,0,0,1,0,1,0
randoop,randoop__1__RegressionTest262,0,1,1,0,1,0,1,0,0,0,0,1,0,1,0,1,0,0,1,0,1,0
randoop,randoop__1__RegressionTest265,0,1,1,0,1,0,1,0,0,0,0,1,0,1,0,1,0,0,1,0,1,0
randoop,randoop__1__RegressionTest267,0,1,1,0,1,0,1,0,0,0,0,1,0,1,0,1,0,0,1,0,1,0
randoop,randoop__1__RegressionTest268,0,1,1,0,1,0,1,1,0,1,0,1,0,1,0,1,0,0,1,0,1,0
randoop,randoop__1__RegressionTest269,0,1,1,0,1,0,1,0,0,0,0,1,0,1,0,1,0,0,1,0,1,0
randoop,randoop__1__RegressionTest271,0,1,1,0,1,0,1,1,0,1,0,1,0,1,0,1,0,0,1,0,1,0
randoop,randoop__1__RegressionTest273,0,1,1,0,1,0,1,0,0,0,0,1,0,1,0,1,0,0,1,0,1,0
randoop,randoop__1__RegressionTest274,0,1,1,0,1,0,1,1,0,1,0,1,0,1,0,1,0,0,1,0,1,0
randoop,randoop__1__RegressionTest276,0,1,1,0,1,0,1,0,0,0,0,1,0,1,0,1,0,0,1,0,1,0
randoop,randoop__1__RegressionTest279,0,1,1,0,1,0,1,0,0,0,0,1,0,1,0,1,0,0,1,0,1,0
randoop,randoop__1__RegressionTest281,0,1,1,0,1,0,1,0,0,0,0,1,0,1,0,1,0,0,1,0,1,0
randoop,randoop__1__RegressionTest282,0,1,1,0,1,0,1,0,0,0,0,1,0,1,0,1,0,0,1,0,1,0
randoop,randoop__1__RegressionTest283,0,1,1,0,1,0,1,0,0,0,0,1,0,1,0,1,0,0,1,0,1,0
randoop,randoop__1__RegressionTest284,0,1,1,0,1,0,1,0,0,0,0,1,0,1,0,1,0,0,1,0,1,0
randoop,randoop__1__RegressionTest286,0,1,1,0,1,0,1,0,0,0,0,1,0,1,0,1,0,0,1,0,1,0
randoop,randoop__1__RegressionTest288,0,1,1,0,1,0,1,0,0,0,0,1,0,1,0,1,0,0,1,0,1,0
randoop,randoop__1__RegressionTest29,0,1,1,0,1,0,1,0,0,0,0,1,0,1,0,1,0,0,1,0,1,0
randoop,randoop__1__RegressionTest291,0,1,1,0,1,0,1,0,0,0,0,1,0,1,0,1,0,0,1,0,1,0
randoop,randoop__1__RegressionTest293,0,1,1,0,1,0,1,0,0,0,0,1,0,1,0,1,0,0,1,0,1,0
randoop,randoop__1__RegressionTest296,0,1,1,0,1,0,1,0,0,0,0,1,0,1,0,1,0,0,1,0,1,0
randoop,randoop__1__RegressionTest297,0,1,1,0,1,0,1,0,0,0,0,1,0,1,0,1,0,0,1,0,1,0
randoop,randoop__1__RegressionTest3,0,1,1,0,1,0,1,0,0,0,0,1,0,1,0,1,0,0,1,0,1,0
randoop,randoop__1__RegressionTest30,0,1,1,0,1,0,1,0,0,0,0,1,0,1,0,1,0,0,1,0,1,0
randoop,randoop__1__RegressionTest300,0,1,1,0,1,0,1,0,0,0,0,1,0,1,0,1,0,0,1,0,1,0
randoop,randoop__1__RegressionTest302,0,1,1,0,1,0,1,0,0,0,0,1,0,1,0,1,0,0,1,0,1,0
randoop,randoop__1__RegressionTest303,0,1,1,0,1,0,1,0,0,0,0,1,0,1,0,1,0,0,1,0,1,0
randoop,randoop__1__RegressionTest306,0,1,1,0,1,0,1,0,0,0,0,1,0,1,0,1,0,0,1,0,1,0
randoop,randoop__1__RegressionTest307,0,1,1,0,1,0,1,0,0,0,0,1,0,1,0,1,0,0,1,0,1,0
randoop,randoop__1__RegressionTest309,0,1,1,0,1,0,1,0,0,0,0,1,0,1,0,1,0,0,1,0,1,0
randoop,randoop__1__RegressionTest31,0,1,1,0,1,0,1,0,0,0,0,1,0,1,0,1,0,0,1,0,1,0
randoop,randoop__1__RegressionTest311,0,1,1,0,1,0,1,0,0,0,0,1,0,1,0,1,0,0,1,0,1,0
randoop,randoop__1__RegressionTest312,0,1,1,0,1,0,1,0,0,0,0,1,0,1,0,1,0,0,1,0,1,0
randoop,randoop__1__RegressionTest313,0,1,1,0,1,0,1,0,0,0,0,1,0,1,0,1,0,0,1,0,1,0
randoop,randoop__1__RegressionTest315,0,1,1,0,1,0,1,0,0,0,0,1,0,1,0,1,0,0,1,0,1,0
randoop,randoop__1__RegressionTest319,0,1,1,0,1,0,1,0,0,0,0,1,0,1,0,1,0,0,1,0,1,0
randoop,randoop__1__RegressionTest32,0,1,1,0,1,0,1,0,0,0,0,1,0,1,0,1,0,0,1,0,1,0
randoop,randoop__1__RegressionTest324,0,1,1,0,1,0,1,0,0,0,0,1,0,1,0,1,0,0,1,0,1,0
randoop,randoop__1__RegressionTest326,0,1,1,0,1,0,1,1,0,1,0,1,0,1,0,1,0,0,1,0,1,0
randoop,randoop__1__RegressionTest33,0,1,1,0,1,0,1,0,0,0,0,1,0,1,0,1,0,0,1,0,1,0
randoop,randoop__1__RegressionTest330,0,1,1,0,1,0,1,0,0,0,0,1,0,1,0,1,0,0,1,0,1,0
randoop,randoop__1__RegressionTest334,0,1,1,0,1,0,1,0,0,0,0,1,0,1,0,1,0,0,1,0,1,0
randoop,randoop__1__RegressionTest336,0,1,1,0,1,0,1,0,0,0,0,1,0,1,0,1,0,0,1,0,1,0
randoop,randoop__1__RegressionTest339,0,1,1,0,1,0,1,1,0,1,0,1,0,1,0,1,0,0,1,0,1,0
randoop,randoop__1__RegressionTest340,0,1,1,0,1,0,1,0,0,0,0,1,0,1,0,1,0,0,1,0,1,0
randoop,randoop__1__RegressionTest341,0,1,1,0,1,0,1,0,0,0,0,1,0,1,0,1,0,0,1,0,1,0
randoop,randoop__1__RegressionTest343,0,1,1,0,1,0,1,0,0,0,0,1,0,1,0,1,0,0,1,0,1,0
randoop,randoop__1__RegressionTest347,0,1,1,0,1,0,1,0,0,0,0,1,0,1,0,1,0,0,1,0,1,0
randoop,randoop__1__RegressionTest348,0,1,1,0,1,0,1,0,0,0,0,1,0,1,0,1,0,0,1,0,1,0
randoop,randoop__1__RegressionTest350,0,1,1,0,1,0,1,0,0,0,0,1,0,1,0,1,0,0,1,0,1,0
randoop,randoop__1__RegressionTest351,0,1,1,0,1,0,1,0,0,0,0,1,0,1,0,1,0,0,1,0,1,0
randoop,randoop__1__RegressionTest353,0,1,1,0,1,0,1,0,0,0,0,1,0,1,0,1,0,0,1,0,1,0
randoop,randoop__1__RegressionTest355,0,1,1,0,1,0,1,0,0,0,0,1,0,1,0,1,0,0,1,0,1,0
randoop,randoop__1__RegressionTest358,0,1,1,0,1,0,1,0,0,0,0,1,0,1,0,1,0,0,1,0,1,0
randoop,randoop__1__RegressionTest36,0,1,1,0,1,0,1,0,0,0,0,1,0,1,0,1,0,0,1,0,1,0
randoop,randoop__1__RegressionTest363,0,1,1,0,1,0,1,0,0,0,0,1,0,1,0,1,0,0,1,0,1,0
randoop,randoop__1__RegressionTest365,0,1,1,0,1,0,1,0,0,0,0,1,0,1,0,1,0,0,1,0,1,0
randoop,randoop__1__RegressionTest366,0,1,1,0,1,0,1,1,0,1,0,1,0,1,0,1,0,0,1,0,1,0
randoop,randoop__1__RegressionTest368,0,1,1,0,1,0,1,0,0,0,0,1,0,1,0,1,0,0,1,0,1,0
randoop,randoop__1__RegressionTest369,0,1,1,0,1,0,1,0,0,0,0,1,0,1,0,1,0,0,1,0,1,0
randoop,randoop__1__RegressionTest370,0,1,1,0,1,0,1,0,0,0,0,1,0,1,0,1,0,0,1,0,1,0
randoop,randoop__1__RegressionTest372,0,1,1,0,1,0,1,0,0,0,0,1,0,1,0,1,0,0,1,0,1,0
randoop,randoop__1__RegressionTest374,0,1,1,0,1,0,1,0,0,0,0,1,0,1,0,1,0,0,1,0,1,0
randoop,randoop__1__RegressionTest376,0,1,1,0,1,0,1,0,0,0,0,1,0,1,0,1,0,0,1,0,1,0
randoop,randoop__1__RegressionTest378,0,1,1,0,1,0,1,0,0,0,0,1,0,1,0,1,0,0,1,0,1,0
randoop,randoop__1__RegressionTest379,0,1,1,0,1,0,1,0,0,0,0,1,0,1,0,1,0,0,1,0,1,0
randoop,randoop__1__RegressionTest380,0,1,1,0,1,0,1,0,0,0,0,1,0,1,0,1,0,0,1,0,1,0
randoop,randoop__1__RegressionTest382,0,1,1,0,1,0,1,0,0,0,0,1,0,1,0,1,0,0,1,0,1,0
randoop,randoop__1__RegressionTest385,0,1,1,0,1,0,1,0,0,0,0,1,0,1,0,1,0,0,1,0,1,0
randoop,randoop__1__RegressionTest386,0,1,1,0,1,0,1,0,0,0,0,1,0,1,0,1,0,0,1,0,1,0
randoop,randoop__1__RegressionTest387,0,1,1,0,1,0,1,0,0,0,0,1,0,1,0,1,0,0,1,0,1,0
randoop,randoop__1__RegressionTest389,0,1,1,0,1,0,1,1,0,1,0,1,0,1,0,1,0,0,1,0,1,0
randoop,randoop__1__RegressionTest39,0,1,1,0,1,0,1,0,0,0,0,1,0,1,0,1,0,0,1,0,1,0
randoop,randoop__1__RegressionTest392,0,1,1,0,1,0,1,0,0,0,0,1,0,1,0,1,0,0,1,0,1,0
randoop,randoop__1__RegressionTest393,0,1,1,0,1,0,1,0,0,0,0,1,0,1,0,1,0,0,1,0,1,0
randoop,randoop__1__RegressionTest394,0,1,1,0,1,0,1,0,0,0,0,1,0,1,0,1,0,0,1,0,1,0
randoop,randoop__1__RegressionTest397,0,1,1,0,1,0,1,0,0,0,0,1,0,1,0,1,0,0,1,0,1,0
randoop,randoop__1__RegressionTest398,0,1,1,0,1,0,1,0,0,0,0,1,0,1,0,1,0,0,1,0,1,0
randoop,randoop__1__RegressionTest399,0,1,1,0,1,0,1,1,0,1,0,1,0,1,0,1,0,0,1,0,1,0
randoop,randoop__1__RegressionTest40,0,1,1,0,1,0,1,0,0,0,0,1,0,1,0,1,0,0,1,0,1,0
randoop,randoop__1__RegressionTest401,0,1,1,0,1,0,1,0,0,0,0,1,0,1,0,1,0,0,1,0,1,0
randoop,randoop__1__RegressionTest402,0,1,1,0,1,0,1,0,0,0,0,1,0,1,0,1,0,0,1,0,1,0
randoop,randoop__1__RegressionTest404,0,1,1,0,1,0,1,0,0,0,0,1,0,1,0,1,0,0,1,0,1,0
randoop,randoop__1__RegressionTest407,0,1,1,0,1,0,1,0,0,0,0,1,0,1,0,1,0,0,1,0,1,0
randoop,randoop__1__RegressionTest408,0,1,1,0,1,0,1,0,0,0,0,1,0,1,0,1,0,0,1,0,1,0
randoop,randoop__1__RegressionTest41,0,1,1,0,1,0,1,1,0,1,0,1,0,1,0,1,0,0,1,0,1,0
randoop,randoop__1__RegressionTest411,0,1,1,0,1,0,1,0,0,0,0,1,0,1,0,1,0,0,1,0,1,0
randoop,randoop__1__RegressionTest413,0,1,1,0,1,0,1,1,0,1,0,1,0,1,0,1,0,0,1,0,1,0
randoop,randoop__1__RegressionTest414,0,1,1,0,1,0,1,1,0,1,0,1,0,1,0,1,0,0,1,0,1,0
randoop,randoop__1__RegressionTest418,0,1,1,0,1,0,1,0,0,0,0,1,0,1,0,1,0,0,1,0,1,0
randoop,randoop__1__RegressionTest421,0,1,1,0,1,0,1,0,0,0,0,1,0,1,0,1,0,0,1,0,1,0
randoop,randoop__1__RegressionTest422,0,1,1,0,1,0,1,0,0,0,0,1,0,1,0,1,0,0,1,0,1,0
randoop,randoop__1__RegressionTest425,0,1,1,0,1,0,1,0,0,0,0,1,0,1,0,1,0,0,1,0,1,0
randoop,randoop__1__RegressionTest426,0,1,1,0,1,0,1,0,0,0,0,1,0,1,0,1,0,0,1,0,1,0
randoop,randoop__1__RegressionTest429,0,1,1,0,1,0,1,0,0,0,0,1,0,1,0,1,0,0,1,0,1,0
randoop,randoop__1__RegressionTest43,0,1,1,0,1,0,1,0,0,0,0,1,0,1,0,1,0,0,1,0,1,0
randoop,randoop__1__RegressionTest430,0,1,1,0,1,0,1,0,0,0,0,1,0,1,0,1,0,0,1,0,1,0
randoop,randoop__1__RegressionTest431,0,1,1,0,1,0,1,0,0,0,0,1,0,1,0,1,0,0,1,0,1,0
randoop,randoop__1__RegressionTest432,0,1,1,0,1,0,1,0,0,0,0,1,0,1,0,1,0,0,1,0,1,0
randoop,randoop__1__RegressionTest434,0,1,1,0,1,0,1,0,0,0,0,1,0,1,0,1,0,0,1,0,1,0
randoop,randoop__1__RegressionTest436,0,1,1,0,1,0,1,0,0,0,0,1,0,1,0,1,0,0,1,0,1,0
randoop,randoop__1__RegressionTest438,0,1,1,0,1,0,1,0,0,0,0,1,0,1,0,1,0,0,1,0,1,0
randoop,randoop__1__RegressionTest440,0,1,1,0,1,0,1,0,0,0,0,1,0,1,0,1,0,0,1,0,1,0
randoop,randoop__1__RegressionTest443,0,1,1,0,1,0,1,0,0,0,0,1,0,1,0,1,0,0,1,0,1,0
randoop,randoop__1__RegressionTest444,0,1,1,0,1,0,1,1,0,1,0,1,0,1,0,1,0,0,1,0,1,0
randoop,randoop__1__RegressionTest446,0,1,1,0,1,0,1,0,0,0,0,1,0,1,0,1,0,0,1,0,1,0
randoop,randoop__1__RegressionTest447,0,1,1,0,1,0,1,0,0,0,0,1,0,1,0,1,0,0,1,0,1,0
randoop,randoop__1__RegressionTest45,0,1,1,0,1,0,1,0,0,0,0,1,0,1,0,1,0,0,1,0,1,0
randoop,randoop__1__RegressionTest451,0,1,1,0,1,0,1,0,0,0,0,1,0,1,0,1,0,0,1,0,1,0
randoop,randoop__1__RegressionTest454,0,1,1,0,1,0,1,0,0,0,0,1,0,1,0,1,0,0,1,0,1,0
randoop,randoop__1__RegressionTest456,0,1,1,0,1,0,1,0,0,0,0,1,0,1,0,1,0,0,1,0,1,0
randoop,randoop__1__RegressionTest458,0,1,1,0,1,0,1,0,0,0,0,1,0,1,0,1,0,0,1,0,1,0
randoop,randoop__1__RegressionTest46,0,1,1,0,1,0,1,1,0,1,0,1,0,1,0,1,0,0,1,0,1,0
randoop,randoop__1__RegressionTest461,0,1,1,0,1,0,1,0,0,0,0,1,0,1,0,1,0,0,1,0,1,0
randoop,randoop__1__RegressionTest465,0,1,1,0,1,0,1,0,0,0,0,1,0,1,0,1,0,0,1,0,1,0
randoop,randoop__1__RegressionTest470,0,1,1,0,1,0,1,0,0,0,0,1,0,1,0,1,0,0,1,0,1,0
randoop,randoop__1__RegressionTest474,0,1,1,0,1,0,1,0,0,0,0,1,0,1,0,1,0,0,1,0,1,0
randoop,randoop__1__RegressionTest475,0,1,1,0,1,0,1,0,0,0,0,1,0,1,0,1,0,0,1,0,1,0
randoop,randoop__1__RegressionTest478,0,1,1,0,1,0,1,0,0,0,0,1,0,1,0,1,0,0,1,0,1,0
randoop,randoop__1__RegressionTest480,0,1,1,0,1,0,1,0,0,0,0,1,0,1,0,1,0,0,1,0,1,0
randoop,randoop__1__RegressionTest482,0,1,1,0,1,0,1,0,0,0,0,1,0,1,0,1,0,0,1,0,1,0
randoop,randoop__1__RegressionTest483,0,1,1,0,1,0,1,0,0,0,0,1,0,1,0,1,0,0,1,0,1,0
randoop,randoop__1__RegressionTest484,0,1,1,0,1,0,1,0,0,0,0,1,0,1,0,1,0,0,1,0,1,0
randoop,randoop__1__RegressionTest486,0,1,1,0,1,0,1,0,0,0,0,1,0,1,0,1,0,0,1,0,1,0
randoop,randoop__1__RegressionTest489,0,1,1,0,1,0,1,0,0,0,0,1,0,1,0,1,0,0,1,0,1,0
randoop,randoop__1__RegressionTest494,0,1,1,0,1,0,1,0,0,0,0,1,0,1,0,1,0,0,1,0,1,0
randoop,randoop__1__RegressionTest495,0,1,1,0,1,0,1,0,0,0,0,1,0,1,0,1,0,0,1,0,1,0
randoop,randoop__1__RegressionTest497,0,1,1,0,1,0,1,0,0,0,0,1,0,1,0,1,0,0,1,0,1,0
randoop,randoop__1__RegressionTest498,0,1,1,0,1,0,1,0,0,0,0,1,0,1,0,1,0,0,1,0,1,0
randoop,randoop__1__RegressionTest500,0,1,1,0,1,0,1,0,0,0,0,1,0,1,0,1,0,0,1,0,1,0
randoop,randoop__1__RegressionTest501,0,1,1,0,1,0,1,1,0,1,0,1,0,1,0,1,0,0,1,0,1,0
randoop,randoop__1__RegressionTest502,0,1,1,0,1,0,1,0,0,0,0,1,0,1,0,1,0,0,1,0,1,0
randoop,randoop__1__RegressionTest505,0,1,1,0,1,0,1,0,0,0,0,1,0,1,0,1,0,0,1,0,1,0
randoop,randoop__1__RegressionTest507,0,1,1,0,1,0,1,0,0,0,0,1,0,1,0,1,0,0,1,0,1,0
randoop,randoop__1__RegressionTest508,0,1,1,0,1,0,1,0,0,0,0,1,0,1,0,1,0,0,1,0,1,0
randoop,randoop__1__RegressionTest510,0,1,1,0,1,0,1,0,0,0,0,1,0,1,0,1,0,0,1,0,1,0
randoop,randoop__1__RegressionTest511,0,1,1,0,1,0,1,0,0,0,0,1,0,1,0,1,0,0,1,0,1,0
randoop,randoop__1__RegressionTest513,0,1,1,0,1,0,1,0,0,0,0,1,0,1,0,1,0,0,1,0,1,0
randoop,randoop__1__RegressionTest516,0,1,1,0,1,0,1,0,0,0,0,1,0,1,0,1,0,0,1,0,1,0
randoop,randoop__1__RegressionTest517,0,1,1,0,1,0,1,0,0,0,0,1,0,1,0,1,0,0,1,0,1,0
randoop,randoop__1__RegressionTest518,0,1,1,0,1,0,1,0,0,0,0,1,0,1,0,1,0,0,1,0,1,0
randoop,randoop__1__RegressionTest52,0,1,1,0,1,0,1,0,0,0,0,1,0,1,0,1,0,0,1,0,1,0
randoop,randoop__1__RegressionTest523,0,1,1,0,1,0,1,0,0,0,0,1,0,1,0,1,0,0,1,0,1,0
randoop,randoop__1__RegressionTest524,0,1,1,0,1,0,1,0,0,0,0,1,0,1,0,1,0,0,1,0,1,0
randoop,randoop__1__RegressionTest525,0,1,1,0,1,0,1,0,0,0,0,1,0,1,0,1,0,0,1,0,1,0
randoop,randoop__1__RegressionTest526,0,1,1,0,1,0,1,1,0,1,0,1,0,1,0,1,0,0,1,0,1,0
randoop,randoop__1__RegressionTest527,0,1,1,0,1,0,1,0,0,0,0,1,0,1,0,1,0,0,1,0,1,0
randoop,randoop__1__RegressionTest53,0,1,1,0,1,0,1,0,0,0,0,1,0,1,0,1,0,0,1,0,1,0
randoop,randoop__1__RegressionTest534,0,1,1,0,1,0,1,0,0,0,0,1,0,1,0,1,0,0,1,0,1,0
randoop,randoop__1__RegressionTest535,0,1,1,0,1,0,1,0,0,0,0,1,0,1,0,1,0,0,1,0,1,0
randoop,randoop__1__RegressionTest539,0,1,1,0,1,0,1,0,0,0,0,1,0,1,0,1,0,0,1,0,1,0
randoop,randoop__1__RegressionTest54,0,1,1,0,1,0,1,0,0,0,0,1,0,1,0,1,0,0,1,0,1,0
randoop,randoop__1__RegressionTest543,0,1,1,0,1,0,1,0,0,0,0,1,0,1,0,1,0,0,1,0,1,0
randoop,randoop__1__RegressionTest547,0,1,1,0,1,0,1,0,0,0,0,1,0,1,0,1,0,0,1,0,1,0
randoop,randoop__1__RegressionTest548,0,1,1,0,1,0,1,0,0,0,0,1,0,1,0,1,0,0,1,0,1,0
randoop,randoop__1__RegressionTest551,0,1,1,0,1,0,1,0,0,0,0,1,0,1,0,1,0,0,1,0,1,0
randoop,randoop__1__RegressionTest552,0,1,1,0,1,0,1,0,0,0,0,1,0,1,0,1,0,0,1,0,1,0
randoop,randoop__1__RegressionTest554,0,1,1,0,1,0,1,0,0,0,0,1,0,1,0,1,0,0,1,0,1,0
randoop,randoop__1__RegressionTest556,0,1,1,0,1,0,1,0,0,0,0,1,0,1,0,1,0,0,1,0,1,0
randoop,randoop__1__RegressionTest557,0,1,1,0,1,0,1,0,0,0,0,1,0,1,0,1,0,0,1,0,1,0
randoop,randoop__1__RegressionTest558,0,1,1,0,1,0,1,1,0,1,0,1,0,1,0,1,0,0,1,0,1,0
randoop,randoop__1__RegressionTest56,0,1,1,0,1,0,1,0,0,0,0,1,0,1,0,1,0,0,1,0,1,0
randoop,randoop__1__RegressionTest561,0,1,1,0,1,0,1,0,0,0,0,1,0,1,0,1,0,0,1,0,1,0
randoop,randoop__1__RegressionTest562,0,1,1,0,1,0,1,0,0,0,0,1,0,1,0,1,0,0,1,0,1,0
randoop,randoop__1__RegressionTest565,0,1,1,0,1,0,1,0,0,0,0,1,0,1,0,1,0,0,1,0,1,0
randoop,randoop__1__RegressionTest569,0,1,1,0,1,0,1,0,0,0,0,1,0,1,0,1,0,0,1,0,1,0
randoop,randoop__1__RegressionTest57,0,1,1,0,1,0,1,0,0,0,0,1,0,1,0,1,0,0,1,0,1,0
randoop,randoop__1__RegressionTest571,0,1,1,0,1,0,1,0,0,0,0,1,0,1,0,1,0,0,1,0,1,0
randoop,randoop__1__RegressionTest572,0,1,1,0,1,0,1,0,0,0,0,1,0,1,0,1,0,0,1,0,1,0
randoop,randoop__1__RegressionTest574,0,1,1,0,1,0,1,0,0,0,0,1,0,1,0,1,0,0,1,0,1,0
randoop,randoop__1__RegressionTest579,0,1,1,0,1,0,1,0,0,0,0,1,0,1,0,1,0,0,1,0,1,0
randoop,randoop__1__RegressionTest58,0,1,1,0,1,0,1,0,0,0,0,1,0,1,0,1,0,0,1,0,1,0
randoop,randoop__1__RegressionTest581,0,1,1,0,1,0,1,0,0,0,0,1,0,1,0,1,0,0,1,0,1,0
randoop,randoop__1__RegressionTest587,0,1,1,0,1,0,1,0,0,0,0,1,0,1,0,1,0,0,1,0,1,0
randoop,randoop__1__RegressionTest589,0,1,1,0,1,0,1,0,0,0,0,1,0,1,0,1,0,0,1,0,1,0
randoop,randoop__1__RegressionTest592,0,1,1,0,1,0,1,0,0,0,0,1,0,1,0,1,0,0,1,0,1,0
randoop,randoop__1__RegressionTest598,0,1,1,0,1,0,1,0,0,0,0,1,0,1,0,1,0,0,1,0,1,0
randoop,randoop__1__RegressionTest599,0,1,1,0,1,0,1,0,0,0,0,1,0,1,0,1,0,0,1,0,1,0
randoop,randoop__1__RegressionTest6,0,1,1,0,1,0,1,0,0,0,0,1,0,1,0,1,0,0,1,0,1,0
randoop,randoop__1__RegressionTest600,0,1,1,0,1,0,1,0,0,0,0,1,0,1,0,1,0,0,1,0,1,0
randoop,randoop__1__RegressionTest601,0,1,1,0,1,0,1,0,0,0,0,1,0,1,0,1,0,0,1,0,1,0
randoop,randoop__1__RegressionTest604,0,1,1,0,1,0,1,0,0,0,0,1,0,1,0,1,0,0,1,0,1,0
randoop,randoop__1__RegressionTest607,0,1,1,0,1,0,1,0,0,0,0,1,0,1,0,1,0,0,1,0,1,0
randoop,randoop__1__RegressionTest609,0,1,1,0,1,0,1,0,0,0,0,1,0,1,0,1,0,0,1,0,1,0
randoop,randoop__1__RegressionTest61,0,1,1,0,1,0,1,0,0,0,0,1,0,1,0,1,0,0,1,0,1,0
randoop,randoop__1__RegressionTest610,0,1,1,0,1,0,1,1,0,1,0,1,0,1,0,1,0,0,1,0,1,0
randoop,randoop__1__RegressionTest615,0,1,1,0,1,0,1,0,0,0,0,1,0,1,0,1,0,0,1,0,1,0
randoop,randoop__1__RegressionTest617,0,1,1,0,1,0,1,0,0,0,0,1,0,1,0,1,0,0,1,0,1,0
randoop,randoop__1__RegressionTest622,0,1,1,0,1,0,1,0,0,0,0,1,0,1,0,1,0,0,1,0,1,0
randoop,randoop__1__RegressionTest624,0,1,1,0,1,0,1,0,0,0,0,1,0,1,0,1,0,0,1,0,1,0
randoop,randoop__1__RegressionTest625,0,1,1,0,1,0,1,0,0,0,0,1,0,1,0,1,0,0,1,0,1,0
randoop,randoop__1__RegressionTest626,0,1,1,0,1,0,1,0,0,0,0,1,0,1,0,1,0,0,1,0,1,0
randoop,randoop__1__RegressionTest628,0,1,1,0,1,0,1,0,0,0,0,1,0,1,0,1,0,0,1,0,1,0
randoop,randoop__1__RegressionTest63,0,1,1,0,1,0,1,0,0,0,0,1,0,1,0,1,0,0,1,0,1,0
randoop,randoop__1__RegressionTest635,0,1,1,0,1,0,1,0,0,0,0,1,0,1,0,1,0,0,1,0,1,0
randoop,randoop__1__RegressionTest637,0,1,1,0,1,0,1,0,0,0,0,1,0,1,0,1,0,0,1,0,1,0
randoop,randoop__1__RegressionTest642,0,1,1,0,1,0,1,0,0,0,0,1,0,1,0,1,0,0,1,0,1,0
randoop,randoop__1__RegressionTest643,0,1,1,0,1,0,1,0,0,0,0,1,0,1,0,1,0,0,1,0,1,0
randoop,randoop__1__RegressionTest644,0,1,1,0,1,0,1,0,0,0,0,1,0,1,0,1,0,0,1,0,1,0
randoop,randoop__1__RegressionTest648,0,1,1,0,1,0,1,0,0,0,0,1,0,1,0,1,0,0,1,0,1,0
randoop,randoop__1__RegressionTest649,0,1,1,0,1,0,1,0,0,0,0,1,0,1,0,1,0,0,1,0,1,0
randoop,randoop__1__RegressionTest650,0,1,1,0,1,0,1,0,0,0,0,1,0,1,0,1,0,0,1,0,1,0
randoop,randoop__1__RegressionTest651,0,1,1,0,1,0,1,1,0,1,0,1,0,1,0,1,0,0,1,0,1,0
randoop,randoop__1__RegressionTest652,0,1,1,0,1,0,1,0,0,0,0,1,0,1,0,1,0,0,1,0,1,0
randoop,randoop__1__RegressionTest660,0,1,1,0,1,0,1,0,0,0,0,1,0,1,0,1,0,0,1,0,1,0
randoop,randoop__1__RegressionTest661,0,1,1,0,1,0,1,0,0,0,0,1,0,1,0,1,0,0,1,0,1,0
randoop,randoop__1__RegressionTest662,0,1,1,0,1,0,1,0,0,0,0,1,0,1,0,1,0,0,1,0,1,0
randoop,randoop__1__RegressionTest666,0,1,1,0,1,0,1,0,0,0,0,1,0,1,0,1,0,0,1,0,1,0
randoop,randoop__1__RegressionTest667,0,1,1,0,1,0,1,0,0,0,0,1,0,1,0,1,0,0,1,0,1,0
randoop,randoop__1__RegressionTest670,0,1,1,0,1,0,1,0,0,0,0,1,0,1,0,1,0,0,1,0,1,0
randoop,randoop__1__RegressionTest671,0,1,1,0,1,0,1,0,0,0,0,1,0,1,0,1,0,0,1,0,1,0
randoop,randoop__1__RegressionTest672,0,1,1,0,1,0,1,0,0,0,0,1,0,1,0,1,0,0,1,0,1,0
randoop,randoop__1__RegressionTest674,0,1,1,0,1,0,1,1,0,1,0,1,0,1,0,1,0,0,1,0,1,0
randoop,randoop__1__RegressionTest675,0,1,1,0,1,0,1,1,0,1,0,1,0,1,0,1,0,0,1,0,1,0
randoop,randoop__1__RegressionTest677,0,1,1,0,1,0,1,0,0,0,0,1,0,1,0,1,0,0,1,0,1,0
randoop,randoop__1__RegressionTest69,0,1,1,0,1,0,1,0,0,0,0,1,0,1,0,1,0,0,1,0,1,0
randoop,randoop__1__RegressionTest7,0,1,1,0,1,0,1,0,0,0,0,1,0,1,0,1,0,0,1,0,1,0
randoop,randoop__1__RegressionTest73,0,1,1,0,1,0,1,0,0,0,0,1,0,1,0,1,0,0,1,0,1,0
randoop,randoop__1__RegressionTest74,0,1,1,0,1,0,1,0,0,0,0,1,0,1,0,1,0,0,1,0,1,0
randoop,randoop__1__RegressionTest75,0,1,1,0,1,0,1,0,0,0,0,1,0,1,0,1,0,0,1,0,1,0
randoop,randoop__1__RegressionTest76,0,1,1,0,1,0,1,0,0,0,0,1,0,1,0,1,0,0,1,0,1,0
randoop,randoop__1__RegressionTest78,0,1,1,0,1,0,1,1,0,1,0,1,0,1,0,1,0,0,1,0,1,0
randoop,randoop__1__RegressionTest79,0,1,1,0,1,0,1,0,0,0,0,1,0,1,0,1,0,0,1,0,1,0
randoop,randoop__1__RegressionTest82,0,1,1,0,1,0,1,0,0,0,0,1,0,1,0,1,0,0,1,0,1,0
randoop,randoop__1__RegressionTest87,0,1,1,0,1,0,1,0,0,0,0,1,0,1,0,1,0,0,1,0,1,0
randoop,randoop__1__RegressionTest89,0,1,1,0,1,0,1,0,0,0,0,1,0,1,0,1,0,0,1,0,1,0
randoop,randoop__1__RegressionTest9,0,1,1,0,1,0,1,0,0,0,0,1,0,1,0,1,0,0,1,0,1,0
randoop,randoop__1__RegressionTest90,0,1,1,0,1,0,1,0,0,0,0,1,0,1,0,1,0,0,1,0,1,0
randoop,randoop__1__RegressionTest92,0,1,1,0,1,0,1,0,0,0,0,1,0,1,0,1,0,0,1,0,1,0
randoop,randoop__1__RegressionTest93,0,1,1,0,1,0,1,0,0,0,0,1,0,1,0,1,0,0,1,0,1,0
randoop,randoop__1__RegressionTest97,0,1,1,0,1,0,1,0,0,0,0,1,0,1,0,1,0,0,1,0,1,0
randoop,randoop__1__RegressionTest98,0,1,1,0,1,0,1,0,0,0,0,1,0,1,0,1,0,0,1,0,1,0
randoop,randoop__1__RegressionTest151,0,1,1,0,1,0,1,0,0,0,0,1,0,1,0,1,0,0,1,0,1,0
randoop,randoop__1__RegressionTest170,0,1,1,0,1,0,1,0,0,0,0,1,0,1,0,1,0,0,1,0,1,0
randoop,randoop__1__RegressionTest183,0,1,1,0,1,0,1,0,0,0,0,1,0,1,0,1,0,0,1,0,1,0
randoop,randoop__1__RegressionTest190,0,1,1,0,1,0,1,0,0,0,0,1,0,1,0,1,0,0,1,0,1,0
randoop,randoop__1__RegressionTest221,0,1,1,0,1,0,1,0,0,0,0,1,0,1,0,1,0,0,1,0,1,0
randoop,randoop__1__RegressionTest238,0,1,1,0,1,0,1,0,0,0,0,1,0,1,0,1,0,0,1,0,1,0
randoop,randoop__1__RegressionTest491,0,1,1,0,1,0,1,1,0,1,0,1,0,1,0,1,0,0,1,0,1,0
randoop,randoop__1__RegressionTest568,0,1,1,0,1,0,1,1,0,1,0,1,0,1,0,1,0,0,1,0,1,0
randoop,randoop__1__RegressionTest583,0,1,1,0,1,0,1,0,0,0,0,1,0,1,0,1,0,0,1,0,1,0
randoop,randoop__1__RegressionTest584,0,1,1,0,1,0,1,0,0,0,0,1,0,1,0,1,0,0,1,0,1,0
randoop,randoop__1__RegressionTest594,0,1,1,0,1,0,1,0,0,0,0,1,0,1,0,1,0,0,1,0,1,0
randoop,randoop__1__RegressionTest623,0,1,1,0,1,0,1,0,0,0,0,1,0,1,0,1,0,0,1,0,1,0
randoop,randoop__1__RegressionTest627,0,1,1,0,1,0,1,0,0,0,0,1,0,1,0,1,0,0,1,0,1,0
randoop,randoop__1__RegressionTest634,0,1,1,0,1,0,1,0,0,0,0,1,0,1,0,1,0,0,1,0,1,0
randoop,randoop__1__RegressionTest640,0,1,1,0,1,0,1,0,0,0,0,1,0,1,0,1,0,0,1,0,1,0
randoop,randoop__1__RegressionTest669,0,1,1,0,1,0,1,0,0,0,0,1,0,1,0,1,0,0,1,0,1,0
randoop,randoop__1__RegressionTest72,0,1,1,0,1,0,1,0,0,0,0,1,0,1,0,1,0,0,1,0,1,0
randoop,randoop__1__RegressionTest104,0,1,1,0,1,0,1,0,0,0,0,1,0,1,0,1,0,0,1,0,1,0
randoop,randoop__1__RegressionTest154,0,1,1,0,1,0,1,0,0,0,0,1,0,1,0,1,0,0,1,0,1,0
randoop,randoop__1__RegressionTest155,0,1,1,0,1,0,1,0,0,0,0,1,0,1,0,1,0,0,1,0,1,0
randoop,randoop__1__RegressionTest161,0,1,1,0,1,0,1,0,0,0,0,1,0,1,0,1,0,0,1,0,1,0
randoop,randoop__1__RegressionTest164,0,1,1,0,1,0,1,0,0,0,0,1,0,1,0,1,0,0,1,0,1,0
randoop,randoop__1__RegressionTest167,0,1,1,0,1,0,1,0,0,0,0,1,0,1,0,1,0,0,1,0,1,0
randoop,randoop__1__RegressionTest194,0,1,1,0,1,0,1,0,0,0,0,1,0,1,0,1,0,0,1,0,1,0
randoop,randoop__1__RegressionTest570,0,1,1,0,1,0,1,0,0,0,0,1,0,1,0,1,0,0,1,0,1,0
randoop,randoop__1__RegressionTest597,0,1,1,0,1,0,1,0,0,0,0,1,0,1,0,1,0,0,1,0,1,0
randoop,randoop__1__RegressionTest602,0,1,1,0,1,0,1,0,0,0,0,1,0,1,0,1,0,0,1,0,1,0
randoop,randoop__1__RegressionTest605,0,1,1,0,1,0,1,1,0,1,0,1,0,1,0,1,0,0,1,0,1,0
randoop,randoop__1__RegressionTest608,0,1,1,0,1,0,1,0,0,0,0,1,0,1,0,1,0,0,1,0,1,0
randoop,randoop__1__RegressionTest620,0,1,1,0,1,0,1,0,0,0,0,1,0,1,0,1,0,0,1,0,1,0
randoop,randoop__1__RegressionTest632,0,1,1,0,1,0,1,0,0,0,0,1,0,1,0,1,0,0,1,0,1,0
randoop,randoop__1__RegressionTest668,0,1,1,0,1,0,1,0,0,0,0,1,0,1,0,1,0,0,1,0,1,0
randoop,randoop__1__RegressionTest67,0,1,1,0,1,0,1,0,0,0,0,1,0,1,0,1,0,0,1,0,1,0
randoop,randoop__1__RegressionTest163,0,1,1,0,1,0,1,0,0,0,0,1,0,1,0,1,0,0,1,0,1,0
randoop,randoop__1__RegressionTest335,0,1,1,0,1,0,1,0,0,0,0,1,0,1,0,1,0,0,1,0,1,0
randoop,randoop__1__RegressionTest88,0,1,1,0,1,0,1,0,0,0,0,1,0,1,0,1,0,0,1,0,1,0
randoop,randoop__1__RegressionTest585,0,1,1,0,1,0,1,0,0,0,0,1,0,1,0,1,0,0,1,0,1,0
randoop,randoop__1__RegressionTest588,0,1,1,0,1,0,1,0,0,0,0,1,0,1,0,1,0,0,1,0,1,0
randoop,randoop__1__RegressionTest586,0,1,1,0,1,0,1,1,0,1,0,1,0,1,0,1,0,0,1,0,1,0
randoop,randoop__1__RegressionTest567,0,1,1,0,1,0,1,0,0,0,0,1,0,1,0,1,0,0,1,0,1,0
randoop,randoop__1__RegressionTest564,0,1,1,0,1,0,1,0,0,0,0,1,0,1,0,1,0,0,1,0,1,0
randoop,randoop__1__RegressionTest580,0,1,1,0,1,0,1,0,0,0,0,1,0,1,0,1,0,0,1,0,1,0
randoop,randoop__1__RegressionTest153,0,1,1,0,1,0,1,0,0,0,0,1,0,1,0,1,0,0,1,0,1,0
randoop,randoop__1__RegressionTest573,0,1,1,0,1,0,1,0,0,0,0,1,0,1,0,1,0,0,1,0,1,0
randoop,randoop__1__RegressionTest575,0,1,1,0,1,0,1,0,0,0,0,1,0,1,0,1,0,0,1,0,1,0
randoop,randoop__1__RegressionTest578,0,1,1,0,1,0,1,0,0,0,0,1,0,1,0,1,0,0,1,0,1,0
randoop,randoop__1__RegressionTest0,0,1,1,0,1,0,1,0,0,0,0,1,0,1,0,1,0,0,1,0,1,0
randoop,randoop__1__RegressionTest665,0,1,1,0,1,0,1,1,0,1,0,1,0,1,0,1,0,0,1,0,1,0
evosuite-branch,evosuite-branch__1__org.apache.commons.lang3.text.translate.EntityArrays_ESTest5,0,1,1,0,1,0,1,0,0,0,0,1,0,1,0,1,0,0,1,0,1,0
evosuite-branch,evosuite-branch__1__org.apache.commons.lang3.text.translate.EntityArrays_ESTest7,0,1,1,0,1,0,1,0,0,0,0,1,0,1,0,1,0,0,1,0,1,0
evosuite-branch,evosuite-branch__1__org.apache.commons.lang3.text.translate.EntityArrays_ESTest2,0,1,1,0,1,0,1,0,0,0,0,1,0,1,0,1,0,0,1,0,1,0
evosuite-branch,evosuite-branch__1__org.apache.commons.lang3.text.translate.EntityArrays_ESTest3,0,1,1,0,1,0,1,0,0,0,0,1,0,1,0,1,0,0,1,0,1,0
evosuite-branch,evosuite-branch__1__org.apache.commons.lang3.text.translate.EntityArrays_ESTest6,0,1,1,0,1,0,1,0,0,0,0,1,0,1,0,1,0,0,1,0,1,0
evosuite-branch,evosuite-branch__1__org.apache.commons.lang3.text.translate.EntityArrays_ESTest8,0,1,1,0,1,0,1,0,0,0,0,1,0,1,0,1,0,0,1,0,1,0
evosuite-branch,evosuite-branch__1__org.apache.commons.lang3.text.translate.EntityArrays_ESTest1,0,1,1,0,1,0,1,0,0,0,0,1,0,1,0,1,0,0,1,0,1,0
evosuite-branch,evosuite-branch__1__org.apache.commons.lang3.text.translate.EntityArrays_ESTest10,0,1,1,0,1,0,1,0,0,0,0,1,0,1,0,1,0,0,1,0,1,0
evosuite-branch,evosuite-branch__1__org.apache.commons.lang3.text.translate.EntityArrays_ESTest4,0,1,1,0,1,0,1,0,0,0,0,1,0,1,0,1,0,0,1,0,1,0
evosuite-branch,evosuite-branch__1__org.apache.commons.lang3.text.translate.EntityArrays_ESTest9,0,1,1,0,1,0,1,0,0,0,0,1,0,1,0,1,0,0,1,0,1,0
evosuite-branch,evosuite-branch__1__org.apache.commons.lang3.text.translate.EntityArrays_ESTest0,0,1,1,0,1,0,1,0,0,0,0,1,0,1,0,1,0,0,1,0,1,0
